,Smiles
0,ClC1(=C(Cl)C=CC=C1OCC(=O)O)
1,O=C(O)C1(=CC(OC)=CC(=C1)OC)
2,O=[N+]([O-])C1(=CC=C(C(=O)NCCC(=O)O)C=C1)
3,S2(C1(=NC=C(C(=O)O)C(N1C=C2)=O))
4,O=C(O)CCCC
5,O=C(O)C1(=C(OC)C(OC)=C(OC)C=C1)
6,O=C(O)C=1(OC=2(C=C(C)C=CC=2(C=1C)))
7,O=C(O)CCC(=O)C1(=CC=C(OCC)C=C1)
8,O=C(O)C2(=CC1(=C(OC=C1)C=C2))
9,OC(=O)C2(=C1(C(=O)NNC1=NC(=C2)C3(=CC=CC=C3)))
10,OC(=O)COC2(=CC1(=C(NC(=O)CC1)C=C2))
11,FC1(=C(F)C=C(CC(=O)O)C=C1F)
12,O=C(O)C2(=CC1(=NC(=C(C)N=C1C=C2)C))
13,O=C(O)CC1(=C(OC)C(OC)=CC=C1)
14,OC(=O)CN1(C(=O)NC=2(C=CC=CC=2(C1=O)))
15,ClC1(=CC=C(C(=O)O)C=C1)
16,OC(=O)C2(=CC(NC(=O)C1(CCCC1))=CC=C2)
17,OC(=O)C2(=CC(N1(C(=O)NCCC1))=CC=C2)
18,S2(C1(=C(C=CC=C1)C(=C2)CC(=O)O))
19,CC(C)(C)OC(n1c(ccc(C(O)=O)c2)c2nc1)=O
20,OC(=O)C2(=NC=1(N=C(O)NC(C=1C(=C2)C)=O))
21,O=C(O)CCC(=O)C1(=C(OC)C=CC(=C1)OC)
22,OC(=O)C1(C2(=C(NC(C1)=O)C=CC=C2))
23,OC(=O)CNC1(=CC=C(C(=O)N)C=C1)
24,OC(=O)C1(=CN=C(C(=O)N)C=C1)
25,OC(=O)C1(=C4(C(=NC(=C1)C3(=CC=2(OCOC=2C=C3)))N(C(=O)NC4=O)C))
26,OC(=O)C1(=CC(=CC=C1)COC2(=C(C(=O)N)C=CC=C2))
27,[Br]C1(=C(C=C(OC)C(=C1)OC)CC(=O)O)
28,O=C(O)CCC1(=C(OC)C=C(OC)C=C1)
29,O=C(O)CC1(=C(OC)C=CC(=C1)OC)
30,OC(=O)C=1(C(=O)NC=2(CCCC(C=2(C=1))=O))
31,O=C2(OC1(=C(C(OCC(=O)O)=CC(=C1)C)C3(=C2CCC3)))
32,ClC1(=C(C=CC(=C1)Cl)CC(=O)O)
33,O=C(O)CC1(=CC=C(C)C=C1)
34,OC(=O)C=1(NC(=O)NC=1)
35,O=C(O)CCOCC
36,ClC1(=CC(C(=O)O)=CC=C1)
37,OC(=O)C2(=CC=1(NC(=O)C(=O)N(C=1C=C2)CC))
38,S2(C(C=1(OC(CCC(=O)O)=CC=1))=CC=C2)
39,OC(=O)C1(=CN=C2(N(C(=O)NC(C2(=C1))=O)C))
40,O=C(O)CO
41,O=C(O)C2(=C(C1(=CC=CC=C1))C=CC=C2)
42,O=C(O)C1(=CC=C(C(=O)C)C=C1)
43,S2(C=1(N=C(NC(C=1C3(=C2CC(CC)CC3))=O)C4(=CC=C(C(O)=O)C=C4)))
44,O=C(O)C=1(NN=C(C=1)C2(=C(O)C=CC=C2))
45,CC(C)(C)OC(n1c(ccc(OC)c2)c2c(CC(O)=O)c1C)=O
46,O=C(O)C2(=CC(NC(=O)C1(OCCC1))=C(C)C=C2)
47,O=C(O)CCN2(C1(=C(C=CC=C1)N=C2C))
48,OC(=O)C=1(C(=O)NC(=O)N(C=1)C)
49,S(=O)(=O)(N)C=1(C=NN(C=1)CCC(O)=O)
50,O=C(O)CC2(=CC=1(C(=CC=CC=1)C=C2))
51,O=C(O)CCOC1(=CC=C(CO)C=C1)
52,S(=O)(=O)(C1(=CC=C(C(=O)O)C=C1))C
53,O=C(O)C2(=CC=C(CN1(N=NN=C1))C=C2)
54,OC(=O)C1(CN(C(=O)N)CCC1)
55,O=C2(N(C=1(N=C(CCC(=O)O)N(C=1C(N2)=O)CC(C)C))CCCC)
56,O=C(O)C1(=C(OCC)N=CC=C1)
57,OC(=O)C1(=NC=C2(N=CNC(C2(=C1))=O))
58,ClC1(=CC=C(OCC(=O)O)C=C1)
59,OC(=O)C1(=COC(=C1)C(=O)N)
60,O=C(O)CCC1(=CC(OC)=C(OC)C(=C1)OC)
61,OC(=O)C1(=CC(NC(=O)C)=CC(=C1)NC(=O)C)
62,O=C(NCC(=O)O)C=1(OC=CC=1)
63,O=[N+]([O-])C2(=CC=C(C(=O)N1(CCC(C(=O)O)CC1))C=C2)
64,O=C(O)C=2(OC(C#CC1(=CC=CC=C1))=CC=2)
65,O=C(O)CC=CC1(=CC=CC=C1)
66,O=C(O)C1(=CN=C(C)C=C1)
67,OC(=O)CN1(NC=2(C=CC=CC=2(C1=O)))
68,OC(=O)COCC2(=NC1(=C(C=CC=C1)C(N2)=O))
69,O=C(NCC(=O)O)C1(=CC=CC=C1)
70,O=C(O)CN2(C1(=C(C=CC=C1)N=C2C))
71,OC(=O)CC1(NC(=O)NC1=O)
72,OC(=O)C2(=CC=1(N=CNC(C=1C=C2)=O))
73,O=C(O)CC1(=CC(OC)=C(OC)C(=C1)OC)
74,O=C(O)CC1(C2(CC(C1)CC2))
75,CC(C)(C)OC(n1c(cccc2)c2c(CC(O)=O)c1)=O
76,O=C(O)CCC=1(ON=C(N=1)C=2(OC=CC=2))
77,OC(=O)C1(=NNC(=O)C=C1)
78,OC(=O)CCC1(=NC=2(N(C(=O)NC(C=2(N1))=O)C))
79,FC2(=CC=C(C(=O)N1(CCC(C(=O)O)CC1))C=C2)
80,S(=O)(=O)(N1(CCC(C(O)=O)CC1))C2(=CN(C)C(=C2)C(=O)N)
81,OC(=O)C1(=NC(=C(C)NC1=O)C)
82,OC(=O)CCCC2(=NC1(=C(C=CC=C1)C(N2)=O))
83,OC(=O)C1(=C3(C(=NC(=C1)C2(=CC=CC=C2))N(C(=O)NC3=O)C))
84,S1(C(C(=O)O)=CC=C1)
85,S1(C(C(O)=O)=CC=C1C(=O)N)
86,O=C(O)CCC1(=CN=CC=C1)
87,ClC1(=C(OC)C=CC(=C1)CCC(=O)O)
88,O=C(O)CC1(=CC(OC)=C(OC)C=C1)
89,O=C(O)C2(=NC=1(C(=CC=CC=1)C(=C2)OC))
90,O=C(O)C1(=COC=C1)
91,O=C(O)CC1(=CC(OC)=C(O)C=C1)
92,O=C(O)COC2(=CC=1(C(=CC=CC=1)C=C2))
93,S1(C(=C(C)N=C1C(C)C)C(=O)O)
94,[Br]C1(=CN=C(C(=O)O)C=C1)
95,O=C(O)CC1(=CC(OC)=C(OCC)C=C1)
96,O=C(O)CC1(=C(C=CC=C1)C)
97,O=C(O)CN1(N=C(C)C(=C1C)C(=O)C)
98,ClC1(=C(OCC(=O)O)C=C2(OC(=O)C=C(C2(=C1))CC))
99,OC(=O)C2(=CC=1(NC(=O)N(CC)C(C=1C=C2)=O))
100,O=C(O)CCC=1(ON=C(N=1)C2(=C(C=CC=C2)C))
101,O=C2(C1(=C(C=CC=C1)C(C2)C(=O)O))
102,O=C1(N(C(=O)C2(N(CC(=O)O)C=NC2(N1C)))C)
103,O=C(O)CC2(=CC=C(OC1(=CC=CC=C1))C=C2)
104,OC(=O)C=2(C1(=NC(=O)C=3(C=CC=CC=3(N1NC=2))))
105,O=C(O)CCC1(=CC=C(C(C)C)C=C1)
106,S(=O)(=O)(N1(CCC(C(O)=O)CC1))C2(=CC=C(C(=O)N)C=C2)
107,O=C(O)C2(=CC=C(OC1(=CC=CC=C1))C=C2)
108,O=C(O)CC1(=CC=C(OCC)C=C1)
109,ClC1(=C(C=CC(=C1)F)CC(=O)O)
110,O=C2(OC1(=C(C=CC(=C1)OCC(=O)O)C3(=C2CCCC3)))
111,OC(=O)C=1(NC(=O)C=CC=1)
112,S(=O)(=O)(N(C)C)C=1(OC(C)=C(C=1)C(=O)O)
113,O=C1(NC=2(C=CC(=CC=2(C1C(=O)O))C))
114,O=C2(OC1(=C(C=CC(=C1)OCC(=O)O)C=C2))
115,O=C(O)CCC(=O)C1(=CC=C(C)C=C1)
116,O=C1(N(C(=O)C2(N1)(CCCCC2))CCC(=O)O)
117,ClC2(=CC=C(C=1(OC(CCC(=O)O)=NC=1))C=C2)
118,O=C(O)C=1(OC=CC=1)
119,O=C(O)CC1(=CC(O)=C(OC)C=C1)
120,O=C(O)C1(=NC=C(C)N=C1)
121,O=C1(N(C(=O)C2(=C1C=CC=C2))CCC(=O)O)
122,O=C2(NC1(=C(C=CC=C1)N(C2)C(=O)CCC(=O)O))
123,OC(=O)CC=1(C(=O)NC=2(C=CC=CC=2(C=1)))
124,OC(=O)C1(CCN(C(=O)N)CC1)
125,O=C(O)CC1(=CC(=CC=C1)C)
126,O=C(O)C1(C2(CC(C1)CC2))
127,O=C(O)C1(=CC(=CC=C1)CN2(N=CC=C2))
128,FC1(=C(C=C([N+](=O)[O-])C=C1)CC(=O)O)
129,O=C1(NC=2(C=C(C)C=CC=2(C1C(=O)O)))
130,OC(=O)C=1(NNC(C=1CC(O)C)=O)
131,OC(=O)C1(=CC(NC(=O)N)=CC=C1)
132,O=C(NCC(=O)O)C=CC=1(OC=CC=1)
133,S1(C(=C(C)N=C1C)C(=O)O)
134,O=C(O)C1(CCC(CC)CC1)
135,OC(=O)CN1(C2(=C(NC(C1)=O)C=CC=C2))
136,O=C2(N(C1(=C(C=CC=C1)OC2))CCC(=O)O)
137,O=C(O)C2(=CC=C(N1(C=NC=C1))C=C2)
138,O=C(O)C1(=C(ON=C1C)C)
139,S1(C(C(=O)O)=CC=C1C)
140,OC(=O)CCOC1(=CC=C(C(=O)N)C=C1)
141,OC(=O)C1(=C3(C(=NC(=C1)C2(CC2))N(C(=O)NC3=O)C))
142,O=C(O)CCN1(N=C(C)C(=C1C)C)
143,OC(=O)CN1(C(=O)NC(=O)C=C1)
144,O=C2(C1(=C(C=CC=C1)C(C(=O)O)CC2))
145,FC(F)(F)C1(=CC(=CC=C1)CC(=O)O)
146,O=C(O)COC1(=C(C=CC=C1)C)
147,OC(=O)CC2(=C(N1(NC(=O)C=C1N=C2C))C)
148,O=C1(NC(CCCCCC(=O)O)C(N1)C)
149,O=C1(N(C(=O)CN1)CC2(=CC(C(=O)O)=CC=C2))
150,CC(C)(C)OC(N(C1CC(O)=O)c(cccc2)c2N(C(OC(C)(C)C)=O)C1=O)=O
151,OC(=O)C4(=CC=3(NC(=O)N(C=1(C=2(C(C=CC=1)=CC=CC=2)))C(C=3C=C4)=O))
152,S(C1(=NC=CC=C1C(=O)O))C
153,O=C2(OC1(=C(C(OCC(=O)O)=CC(=C1)C)C(=C2)CC))
154,O=C1(N(C(=O)C(N1)(C)C)CC(=O)O)
155,O=C1(NN=C(CC(=O)O)C2(=C1C=CC=C2))
156,O=C(O)C2(=C(OC1(=CC=CC=C1))N=CC=C2)
157,O=C(O)C2(=CC(N1(N=CC=C1))=CC=C2)
158,O=C1(C2(=C(N(CC(=O)O)C=C1)C=CC=C2))
159,OC(=O)C2(=C(N(C1(=NNC(=O)C=C1))N=C2)C)
160,OC(=O)C2(=CC(NC(=O)C1(OCCC1))=C(C)C=C2)
161,ClC2(=CC=1(NC(=O)C(CC(O)=O)SC=1C=C2))
162,O=C(O)CC1(CCCC1)
163,OC(=O)C=1(C(=O)NC(=O)NC=1)
164,O=C(O)C(O)(C)C
165,O=C(O)C2(=CC=C(C(=O)C1(=C(OC)C=CC(=C1)OC))C=C2)
166,FC1(=C(OC)C=CC(=C1)C(=O)CCC(=O)O)
167,O=C(O)C1(=CC=CC=C1)
168,O=C(O)C1(=C(O)N=C(C)C=C1)
169,O=C(O)C1(=NNC(=C1)C2(=CC=C(OC)C=C2))
170,OC(=O)C=1(C(=O)NC2(=CC(=NN2(C=1))C))
171,OC(=O)C1(=NC=C(C(=O)N)C=C1)
172,O=C(O)CC(C=C)C
173,OC(=O)C1(=C2(C(=NC(=C1)C)N(C)NC2=O))
174,O=C(O)CCC(=O)C1(=CC(OC)=C(OC)C=C1)
175,ClC1(=C(C(=O)O)C=C2(CC(NC2(=C1))=O))
176,O=C(O)C2(=NC=1(C(=CC=CC=1)C=C2))
177,O=C(O)CC=2(C1(=C(C=CC=C1)OC=2))
178,O=C(O)C1(=CC=C(OC)C=C1)
179,ClC1(=C(OC)C=CC=C1CCC(=O)O)
180,ClC1(=CC=C(C(=O)CCC(=O)O)C=C1)
181,O=C(O)CCC=1(OC=CC=1)
182,OC(=O)C=1(OC=C(C=1)C(=O)N)
183,FC2(=C(C1(=NOC(=N1)CCC(=O)O))C=CC=C2)
184,O=C(O)C1(=CN=C(O)C=C1)
185,OC(=O)C=1(N(C=C(C=1)C(=O)N)C)
186,O=C(O)C1(=NNC2(=C1C=CC=C2))
187,O=C1(N(C(=O)C3(N1)(C2(=C(C=CC=C2)CC3)))CC(=O)O)
188,CCC1(CC(O)=O)OCCc2c1n(C(OC(C)(C)C)=O)c1c(CC)cccc12
189,FC1(=CC=C(CCC(=O)O)C=C1)
190,O=C(O)C(CO)(CO)C
191,OC(=O)C1(=C3(C(=NC(=C1)C2(CC2))N(C)NC3=O))
192,O=C(OCC1(=CC=CC=C1))NCC(=O)O
193,O=C(O)C(C)(C)C
194,O=C(N(CC(=O)O)C)C1(=CC=CC=C1)
195,S(=O)(=O)(N)C=1(SC(CC(O)=O)=CC=1)
196,O=C(O)C2(C(C1(=CC=CC=C1))C2)
197,O=C(N1(CCC(C(=O)O)CC1))N(C)C
198,O=C(O)C1(=NN2(C=C(CCO)C=NC2(=C1)))
199,O=C(O)C
200,O=C(O)CC(C)(C)C
201,OC(=O)COC1(=CC=C(C(=O)N)C=C1)
202,O=C(O)C=1(NN=C(C=1)C=2(OC(C)=CC=2))
203,OC(=O)C=1(C(=O)NC=2(CCCCCC=2(C=1)))
204,OC(=O)C1(C(=O)N)(CC1)
205,O=C(O)C2(=CC=1(C(=NC(C)=CC=1)C=C2))
206,S2(C=1(N=C(NC(C=1C(=C2C(O)=O)C)=O)COC))
207,O=C(O)C1(=CN=CN=C1)
208,O=C(O)CC1(C(C(C(=O)C)C1)(C)C)
209,O=C(NCC(=O)O)C1(=CC(=CC=C1)C)
210,FC1(=CC=C(OCC(=O)O)C=C1)
211,FC(F)(F)C1(=C(C=CC=C1)CC(=O)O)
212,OC(=O)C2(=CC(N1(C(=O)NCC1))=C(C)C=C2)
213,OC(=O)CCC2(=NC1(=C(C=CC=C1)NC2=O))
214,O=C(O)CCC1(CCCC1)
215,O=C(O)CC1(C=CCC1)
216,O=C(O)CCCC2(=CC=1(OCCOC=1C=C2))
217,ClC1(=CC(=C(OCC(=O)O)C=C1)C)
218,O=C(O)CCCC1(CCCCC1)
219,ClC1(=C(C=CC=C1)CC(=O)O)
220,S1(C(C(=O)CCC(=O)O)=CC=C1)
221,S(=O)(=O)(N)C1(=CC(C(O)=O)=CC=C1)
222,O=C(O)CCC1(=C(OC)C(OC)=CC=C1)
223,O=C(O)CCC(=O)N(C1(CCCCC1))C
224,O=C(O)C1(COC=2(C(OC)=CC=CC=2(C1)))
225,O=C(O)CCC(=O)C2(=CC=C(C1(=CC=CC=C1))C=C2)
226,ClC1(=CC(F)=C(CC(=O)O)C=C1)
227,FC1(=CC(=CC=C1)CC(=O)O)
228,O=C(O)CC1(=CC=C(N(C)C)C=C1)
229,O=[N+]([O-])C2(=C(N1(CCC(C)CC1))C=CC(=C2)C(=O)O)
230,O=C(NCC(=O)O)C1(=C(C=CC=C1)C)
231,S1(C2(=C(NC(C1CC(O)=O)=O)C=C(C(F)(F)F)C=C2))
232,FC1(=C(C=CC(=C1)OC)CC(=O)O)
233,O=C(O)C2(C1(=CC=CC=C1))(CCC2)
234,O=C(O)CCC1(=C(C=C(C)C=C1)C)
235,CC(C)(C)OC(n(c(C(O)=O)c1)c(cc2)c1cc2F)=O
236,FC1(=CC=C(C(=O)CCC(=O)O)C=C1)
237,O=C(O)C1(CC=CCC1)
238,S(=O)(=O)(N)C=1(C=NN(C=1)CC(O)=O)
239,S1(C=C(CC(=O)O)C=C1)
240,O=C(O)CC1(=CC=C(OC)C=C1)
241,OC(=O)C2(N(C(=O)NC1(=CC=CC=C1))CCC2)
242,O=C(O)CCC1(=CC=CC=C1)
243,O=C(O)C1(CN(C(=O)CC)CCC1)
244,O=C(O)CCC=2(OC(C1(=CC=CC=C1))=C(N=2)C3(=CC=CC=C3))
245,O=C(O)C2(=CC=1(C(=CC(O)=CC=1)C=C2))
246,[Br]C=1(OC(C(=O)O)=CC=1)
247,O=C(N1(CCC(C(=O)O)CC1))C2(=CC(OC)=CC(=C2)OC)
248,OC(=O)C2(=CC=1(NC(=O)N(C=1C=C2)C))
249,O=C1(N(CC=2(C1=C(C(=O)O)C=CC=2))CC)
250,O=C(O)CC2(=CC=C(OCC1(=CC=CC=C1))C=C2)
251,O=C(O)CCC1(=CC=C(OCC)C=C1)
252,O=C(O)C(O)C(C)C
253,O=C(O)CCCC=1(ON=C(N=1)C2(=C(OC)C=CC=C2))
254,S(=O)(=O)(N(C1(=CC=C(C)C=C1))CC(=O)O)C
255,OC(=O)CN2(C1(=C(C=CC=C1)C(=C2)C(=O)N))
256,OC(=O)C1(CN(CCC1)CC(=O)N)
257,O=C(O)C2(=CC=1(C(=NC=CC=1)C=C2))
258,OC(=O)C2(CCN(C1(=NC=C(C(=O)N)C=C1))CC2)
259,OC(=O)CN1(NC(=O)C=2(C=CC=CC=2(C1=O)))
260,OC(=O)C2(=CC=C(C(=O)NC1(CC1))C=C2)
261,OC(=O)COC1(=CC=C(CC(=O)N)C=C1)
262,O=C(O)C2(=CC=1(C(=CC(OC)=CC=1)C=C2))
263,O=C(O)CC1(=C(OC)C=CC=C1)
264,O=C(O)CC1(=CC(OC)=CC(=C1)OC)
265,O=C(O)CC=CCC
266,O=C(O)C1(=CC(OC)=C(OC)C=C1)
267,ClC1(=C(C(F)=CC=C1)CC(=O)O)
268,OC(=O)C1(=CC=C(C(=O)N)C=C1)
269,O=C1(N(CC23(C1C(C(=O)O)C(O2)C=C3))CC4(=NC=CC=C4))
270,OC(=O)CCC=2(C(=O)N=C(N1(CCOCC1))NC=2C)
271,S1(C(=CC=C1)CCC(=O)O)
272,CC(C)(C)OC(n1cnc(CC(O)=O)c1)=O
273,OC(=O)C2(=CC=1(NC(=O)N(C(C)C)C(C=1C=C2)=O))
274,OC(=O)C=1(OC(C(=O)N)=CC=1)
275,O=C1(CCC(C(=O)O)CC1)
276,O=C(O)C=1(OC=2(C=CC(=CC=2(C=1))OC))
277,OC(=O)CCN1(C(=O)NC(=O)C=C1)
278,O=C(O)CC2(=C(OC1(=CC=CC=C1))C=CC=C2)
279,S2(C=1(N=C(NC(C=1C3(=C2CCC3))=O)CCC(O)=O))
280,ClC1(=C(Cl)C=CC(=C1)CC(=O)O)
281,OC(=O)C2(=CC1(=C(NC(C1)=O)C=C2))
282,FC1(=C(F)C=CC=C1CC(=O)O)
283,OC(=O)C1(=CN=C2(NC(=O)NC(C2(=C1))=O))
284,FC1(=C(OC)C=C(CC(=O)O)C=C1)
285,O=C(O)CC1(CCCCC1)
286,O=C(O)COC1(=CC=CC=C1)
287,O=C(O)C=2(C=1(C(=CN=CC=1)C=CC=2))
288,OC(=O)C(N1(C(=O)NCCC1))C(C)C
289,OC(=O)CN1(C(=O)NC(=O)C(=C1)C(=O)N)
290,OC(=O)C=1(C2(=C(C(=O)NC=1)C=CC=C2))
291,O=C(NC12(CC3(CC(C1)CC(C2)C3)))NCCC(=O)O
292,O=C(O)CCC=1(ON=C(N=1)C2(=C(OC)C=CC=C2))
293,OC(=O)CCC=1(C(=NC2(=C(C(=O)N)C=NN2(C=1C)))C)
294,O=C2(N(C(C1(=CN=CC=C1))C(C2)C(=O)O)C)
295,O=C(O)CCC(C)C
296,ClC1(=C(OCC(=O)O)C=CC(=C1)Cl)
297,O=C(O)CCC2(=CC=1(OCOC=1C=C2))
298,O=C(O)C=1(NN=CC=1)
299,[Br]C2(=CC1(=C(NC(=C1)C(=O)O)C=C2))
300,O=C(O)C=1(N(N=C(C=1)C)CC)
301,CC(C)(C)OC(NS(c(cc1)cc(O2)c1N(CC(O)=O)C2=O)(=O)=O)=O
302,O=C(O)CCC=C
303,O=C(O)C1(N(C(=O)C)CCC1)
304,O=C(O)CC1(=CC=C(CO)C=C1)
305,FC(F)(F)OC1(=C(C=CC=C1)CC(=O)O)
306,OC(=O)C1(=CC(C(=O)N)=CC=C1)
307,O=C(O)C1(C(C)(C)C1(C)C)
308,OC(=O)C=1(C(=O)NN=C(C=1C2(=CC=CC=C2))C3(=CC=CC=C3))
309,O=C(NCCC(=O)O)N
310,O=C(O)C1(=CC=C(C#N)C=C1)
311,FC1(=C(F)C=CC(=C1)CCC(=O)O)
312,O=C(O)COC1(=C(OC)C=CC=C1)
313,O=C(O)CCC(=O)NC1(CCCCCC1)
314,OC(=O)C2(=CC=1(C(=O)NNC(C=1C=C2)=O))
315,OC(=O)CN1(C(=O)NC2(=C1C=CC=C2))
316,O=C(O)CCC1(=C(C=CC=C1)C)
317,O=C(O)CCC=2(OC(C1(=CC=CC=C1))=CN=2)
318,O=C1(NN=C(C(=O)O)C2(=C1C=CC=C2))
319,O=C1(C2(C(=O)O)(C(C)(C)C(C1)CC2))
320,OC(=O)C=2(C=1(C(=O)NC=NC=1OC=2C))
321,CC(C)(C)OC(n1c(cccc2)c2c(CC(O)=O)c1C)=O
322,OC(=O)CN1(C(=O)NC(=O)C(=C1)C)
323,O=C(O)C=1(C=NC2(=CC=CC=C2(C=1)))
324,ClC2(=CC1(=C(SC=C1CC(=O)O)C=C2))
325,OC(=O)C1(=CC=C(NC(=O)N)C=C1)
326,FC1(=C(C=CC=C1)CC(=O)O)
327,OC(=O)C1(=C2(C(=NC(=C1)C(C)C)N(C(=O)NC2=O)CC))
328,O=C(NCCC(=O)O)C1(=CC=CC=C1)
329,O=C(O)C3(=CC=C(CN2(C1(=C(C=CC=C1)N=C2)))C=C3)
330,OC(=O)CC=2(C(=O)NC(N1(CCCC1))=NC=2C)
331,O=C(O)C=2(OC(OC1(=CN=CC=C1))=CC=2)
332,O=C(O)CC(CC(C)(C)C)C
333,ClC1(=C(C(Cl)=CC=C1)CC(=O)O)
334,ClC2(=CC=1(N(C(=O)COC=1C=C2)CCC(=O)O))
335,FC1(=CC(F)=CC(=C1)CC(=O)O)
336,OC(=O)CCC=1(C(=O)NC=2(N(C)NC(C=2(C=1C))=O))
337,O=C(O)C=1(C=NN(C=1)C2(=CC(OC)=CC=C2))
338,O=C(O)C1(=CC(O)C(O)C(C1)O)
339,OC(=O)CC=2(C(=O)NC(C1(=CC=NC=C1))=NC=2C)
340,O=C1(N(CC(C1)C(=O)O)CC2(=CN=CC=C2))
341,S(C1(=CC=C(C)C=C1))CC(=O)O
342,OC(=O)C2(=CC=1(NC(=O)CN(C=1C=C2)C))
343,O=C1(N(C=NC2(=C1C=CC=C2))CC(=O)O)
344,O=C(O)CCC1(=C(OC)C=CC(=C1)OC)
345,O=C(O)C1(=NC=CC=2(C1=CC=CC=2))
346,CC(C)(C)OC(n(c(C(O)=O)c1)c(cc2)c1cc2OC)=O
347,O=C(O)CCC=2(OC(C1(=CC=CC=C1))=NN=2)
348,O=C1(N(CC(C1)C(=O)O)CC(C)C)
349,O=C(O)CC2(=CC=1(OCOC=1C=C2))
350,OC(=O)CCC=1(C(=NC2(=C(C(=O)N)N=CN2(C=1C)))C)
351,ClC1(=CC(=CC=C1)CCC(=O)O)
352,S2(C1(=NC(C(=O)O)=CN1C=C2))
353,O=C2(C1(=C(C=C(OC)C=C1)C(C2)CC(=O)O))
354,OC(=O)CC2(NC1(=C(C=CC=C1)NC2=O))
355,O=C2(NC1(=C(C=C(C(=O)O)C=C1)CC2))
356,O=C1(NN(C)C=2(C1=C(C(=C(C)N=2)CC(=O)O)C))
357,O=C(O)CCC1(=C(OC)C=CC=C1)
358,O=C(O)CC=2(C1(=C(C=CC=C1)N(C=2)C))
359,S(=O)(=O)(N)C1(=C(SC(=C1)C(O)=O)C)
360,O=C1(N(CCC(N1)=O)CC(=O)O)
361,OC(=O)C2(=NN(C1(=CC=CC=C1))C(=C2)C(=O)N)
362,OC(=O)C1(OCCN(C1)CC3(=NC2(=C(C=CC=C2)C(N3)=O)))
363,O=C(O)C=1(NN=C(C=1)C)
364,S(=O)(=O)(NCC(=O)O)C2(=CC1(=C(NC(C1)=O)C=C2))
365,OC(=O)CCC1(NC(=O)NC1=O)
366,O=C(O)CCC1(=CC=C(OC)C=C1)
367,O=C1(NCC(=O)NC2(=C1C=CC(=C2)C(=O)O))
368,S(C1(=NC=CC=C1C(=O)N))C2(=CC=C(C(O)=O)C=C2)
369,O=C(O)C1(CC1)(C)
370,OC(=O)C=1(N3(C(N=C(C=1)C=2(OC=CC=2))=C(C(=O)N)N=C3))
371,O=C(O)CCC1(=CC(OC)=CC(=C1)OC)
372,S2(C=1(N=CNC(C=1C(=C2C(O)=O)C)=O))
373,ClC1(=CC=C(CCC(=O)O)C=C1)
374,CC(C)(C)OC(N(CC1CCC(O)=O)c2c1cccc2)=O
375,O=C(O)CC=2(N=C(C1(=CC=CC=C1))OC=2C)
376,O=C1(OC=2(C=CC=CC=2(N1CCC(=O)O)))
377,O=C1(N(N=C(C)C2(=C1C=CC=C2))CC(=O)O)
378,O=C(O)C1(=CC=C(C)C=C1)
379,O=C(O)CC(O)C1(=CC=CC=C1)
380,OC(=O)C2(=CC=C(NC(=O)C1(CC=CCC1))C=C2)
381,[Br]C1(=CC(=C(OC)C=C1)CC(=O)O)
382,O=C(O)CC2(C1(=C(C=CC=C1)C3(=C2C=CC=C3)))
383,S(=O)(=O)(N)C=1(OC(C(O)=O)=CC=1)
384,O=C(O)C1(=CC(=CC=C1)C)
385,O=C(O)C1(=NN(C)C2(=C1C=CC=C2))
386,IC1(=CC=C(CCCC(=O)O)C=C1)
387,O=C(O)CC12(CC3(CC(C1)CC(C2)C3))
388,FC1(=C(C=CC(=C1)F)CC(=O)O)
389,FC1(=CC(F)=CC(=C1)C(=O)CCC(=O)O)
390,OC(=O)CN1(NC(=O)C=CC1=O)
391,O=C(O)C12(CC3(O)(CC(C1)CC(C2)C3))
392,ClC1(=CC(Cl)=CC(=C1)CCC(=O)O)
393,O=C(O)C1(=NC=CN1)
394,OC(=O)C2(=CC1(=C(NC(=O)CCC1)C=C2))
395,ClC=1(C([N+](=O)[O-])=NN(C=1C)CC(=O)O)
396,O=C(O)CC1(=CC(=C(OC)C=C1)C)
397,S(=O)(=O)(N)C1(=CC=C(C(O)=O)C=C1)
398,OC(=O)C=1(NC(=O)NC(C=1OC)=O)
399,O=C(O)CCC#C
400,O=C(O)C1(=NC=CC=C1C)
401,O=C(O)C1(N(C(=O)C)CC(C1)O)
402,OC(=O)C2(=CC=C(C(=O)NC1(=CC=CC=C1))C=C2)
403,OC(=O)CN1(C(=O)NC(C1=O)(C2(=CC=C(C)C=C2))C)
404,O=C(O)CCOC1(=CC=CC=C1)
405,O=C(O)C2(=CC=1(OCCOC=1C=C2))
406,OC(=O)CC1(N(CCC1)CC3(=NC2(=C(C=CC=C2)C(N3)=O)))
407,FC1(F)(OC=2(C=C(C(=O)O)C=CC=2(O1)))
408,OC(=O)C2(=NC=1(NNC(C=1C(=C2)C)=O))
409,OC(=O)C1(=CN=C2(N(C(=O)NC(C2(=C1))=O)CC3(=CC=CC=C3)))
410,OC(=O)C2(=CC=1(NC(=O)C(=O)NC=1C=C2))
411,O=[N+]([O-])C1(=C(OCC(=O)O)C=CC=C1)
412,O=C1(N(C(=O)C(C(=O)O)=CN1)C)
413,Cn1c(C(N)=O)cc(S(O)(=O)=O)c1
414,O=C(O)C2(=CC=1(C(=CC=CC=1)C=C2))
415,OC(=O)C2(=CC(N1(NC(=O)C=CC1=O))=CC=C2)
416,O=C(O)CC1(=CC(OC)=CC=C1)
417,S(=O)(=O)(C1(=CC=C(CC(=O)O)C=C1))C
418,OC(=O)C=1(N=C(NC(C=1)=O)C2(CC2))
419,OC(=O)C1(=CN=C2(N(C(=O)NC(C2(=C1))=O)C3(CC3)))
420,O=C(O)C2(=CC(NC(=O)C1(CCCC1))=CC=C2)
421,O=C(O)CC1(CCCCCC1)
422,OC(=O)C2(=CC=1(NC(=O)N(C=1C=C2)C3(CCCC3)))
423,OC(=O)CCN1(C(=O)C(=O)NC=C1)
424,[Br]C1(=CC(=C(F)C=C1)CC(=O)O)
425,O=C(O)C2(=CC=C(NC(=O)C1(CC=CCC1))C=C2)
426,O=C(O)C=1(C=2(C(C=CC=1)=CC=CC=2))
427,O=C(O)CC(C)C
428,OC(=O)C=1(C(=O)NC=2(C=CC=CC=2(C=1)))
429,O=C(O)C23(CC4(N1(N=CN=C1))(CC(C2)CC(C3)C4))
430,S(=O)(=O)(NCC(=O)O)C1(=CC=C(C)C=C1)
431,O=C(O)C2(CCN(CC=1(OC=CC=1))CC2)
432,O=C(O)CCN1(CCCCC1)
433,OC(=O)CCN1(C(=O)NC(=O)C2(=C1C=CC=C2))
434,OC(=O)CN1(N=C(C=2(C=CC=CC=2(C1=O)))C(=O)N)
435,O=[N+]([O-])C1(=CC(=CC=C1)CC(=O)O)
436,S1(C(=NC(=C1)CC(O)=O)N2(C(=O)NCCC2))
437,O=C(O)C1(=CC=C(OC(C)C)C=C1)
438,FC1(=C(F)C=CC(=C1)CC(=O)O)
439,ClC1(=C(Cl)C=CC(=C1)CCC(=O)O)
440,S(=O)(=O)(NCC(O)=O)C2(=CC=1(NC(=O)C(=O)NC=1C=C2))
441,O=C(O)CC=2(C1(=C(C=C(OC)C=C1)OC=2))
442,FC(F)(F)OC1(=CC(=CC=C1)CC(=O)O)
443,CC(C)(C)OC(n(c(C(O)=O)c1)c2c1cccc2)=O
444,OC(=O)COC1(=C(C(=O)N)C=CC=C1)
445,OC(=O)C2(=CC=C(OC1(=CC=C(C(=O)N)C=C1))C=C2)
446,O=C(O)C1(=CC(C#C)=CC=C1)
447,OC(=O)C2(=CC=1(NC(=O)CNC=1C=C2))
448,O=C(O)CC1(=C(C=CC(=C1)C)C)
449,OC(=O)C1(=C3(C(=NC(=C1)C2(CC2))N(C(=O)NC3=O)CC(C)C))
450,O=C(O)COC1(=CC=C(C(=O)C)C=C1)
451,OC(=O)C=1(NC(=O)NC(C=1)=O)
452,OC(=O)CC2(OC1(=C(C=CC=C1)NC2=O))
453,O=C1(N(C(=O)CN1)CC2(=CC=C(C(=O)O)C=C2))
454,OC(=O)COC1(=CC(C(=O)N)=CC=C1)
455,S1(C(=NC=C1CC(=O)O)N)
456,O=C(O)C1(=CC=C(NC(=N)N)C=C1)
457,ClC1(=C(C=CC(=C1)Cl)CCC(=O)O)
458,OC(=O)CC1(=NNC(=O)C2(=C1C=CC=C2))
459,S(C1(=NC(=CC(N1)=O)C))C(C(O)=O)C
460,FC(F)(F)C(O)(CC(=O)O)C
461,O=C(NCC(=O)O)C1(=CC=C(C)C=C1)
462,O=C(O)C1(=CC(OC)=C(OC)C(=C1)OC)
463,O=C(O)C2(=C(N1(N=C(C)C=C1N=C2))C)
464,OC(=O)C1(=NC(C(=O)N)=CC=C1)
465,FC1(=C(C=C(CC(=O)O)C=C1)C(F)(F)F)
466,IC1(=C(C(=O)O)C=CC=C1)
467,O=C(O)CCCC=1(ON=C(N=1)C2(=CC=NC=C2))
468,O=C(O)CCC1(=CC=C(C)C=C1)
469,O=C(O)CC1(=CC(OCC)=C(O)C=C1)
470,O=C(O)CC1(=C(OCC)C=CC=C1)
471,S(=O)(=O)(N)C1(=CC=C(NC(=O)CCC(O)=O)C=C1)
472,O=C(O)C1(=C(C=CC=C1)C)
473,O=C1(OC(CC(=O)O)C2(=C1C=CC=C2))
474,O=C(O)CC2(=CC=C(N1(N=NN=C1C))C=C2)
475,O=C(O)CCC(=O)C1(=CC=CC=C1)
476,O=C(O)CCC(=O)C1(=CC=C(OC)C=C1)
477,O=[N+]([O-])C1(=CC=C(C(=O)NCC(=O)O)C=C1)
478,OC(=O)C=1(C(=O)NC=2(CC(C)(C)CC(C=2(C=1))=O))
479,O=C(O)CC(CC)C
480,S2(C=1(N=CN(C)C(C=1C(=C2C(=O)O)C)=O))
481,FC1(=C(F)C=CC(=C1)C(=O)O)
482,CC(C)(C)OC(n(cc1)c2c1ccc(C(O)=O)c2)=O
483,OC(=O)C1(=NNC(=O)C2(=C1C=CC=C2))
484,O=C(O)C2(=CC=C(OCC1(=CC=CC=C1))C=C2)
485,O=C(O)CCC2(=CC1(=C(OCC1)C=C2))
486,O=C(O)CCN1(N=C(C)C(=C1C)C(=O)C)
487,OC(=O)C2(=CC=1(N=C(NC(C=1C=C2)=O)CN3(CCOCC3)))
488,O=C(O)COC1(=CC(OC)=C(CO)C=C1)
489,O=C(O)C1(=NC=CN=C1)
490,FC(F)(F)C1(=CC=C(CC(=O)O)C=C1)
491,O=C2(OC1(=C(C=CC(=C1)OC(C)C)C=C2C(=O)O))
492,O=C(O)C1(=CC(OC)=C(C)C(=C1)OC)
493,O=C2(C1(=C(C=C(C(=O)O)C=C1)CCC2))
494,OC(=O)C2(=CC=1(NC(=O)C(CC)NC=1C=C2))
495,O=C1(N(C=NC2(=C1C=CC=C2))CCC(=O)O)
496,O=C(O)C(C1(=CC=C(CC(C)C)C=C1))C
497,FC(F)(F)C1(=C(C=CC=C1)CCC(=O)O)
498,FC1(=C(C(=CC=C1)C(F)(F)F)CC(=O)O)
499,O=C(O)CC12(CC3(O)(CC(C1)CC(C2)C3))
500,OC(=O)C2(CCN(C1(=NC(=CC(N1)=O)C))CC2)
501,IC1(=CC=C(C(=O)O)C=C1)
502,O=C(O)CCC=1(ON=C(N=1)C2(=CN=CC=C2))
503,OS(c(cc1)cc(NC2=O)c1NC2=O)(=O)=O
504,FC(F)(F)C1(=CC=C(CCC(=O)O)C=C1)
505,ClC1(=NC=C(CC(=O)O)C=C1)
506,OC(=O)CC=1(C(=O)NC=2(N(C)NC(C=2(C=1C))=O))
507,OC(=O)C2(=CC=C(N1(C(=O)NCC1))C=C2)
508,S(=O)(C3(=CC=C(C=C2(C1(=C(C=C(F)C=C1)C(=C2C)CC(=O)O)))C=C3))C
509,OC(=O)C2(=C(N1(C(=O)NC(=O)CC1))C=CC=C2)
510,O=C(O)C1(CCCCC1)
511,OC(=O)C=1(NC(=O)C=2(C=CC=CC=2(C=1)))
512,OS(c(cc1)cc(N2)c1NC2=O)(=O)=O
513,O=C(O)C1(=NNC(=C1)C2(CC2))
514,O=C(O)CCC(C1(=CC=C(O)C=C1))(C2(=CC=C(O)C=C2))C
515,O=C(O)C1(=CC(=CC(=C1)C)C)
516,CC(C)(C)OC(n(cc1)c(cc2)c1cc2C(O)=O)=O
517,OC(=O)C2(=CC(=C(N1(C(=O)NCC1))C=C2)C)
518,CC(C)(C)OC(n1c(ccc(Br)c2)c2c(CC(O)=O)c1)=O
519,O=C(O)CCC1(=NC(OC)=CC(=N1)OC)
520,ClC1(=C(OC)C=CC(=C1)N2(C(=O)CC(C2)C(=O)O))
521,O=C(O)CCC(=O)C
522,OC(=O)C2(=NC=1(N(C(=O)NC(C=1C=C2)=O)C))
523,OC(=O)CN1(C(=O)NCCC1)
524,S(=O)(=O)(NC1(=CC=C(C(O)=O)C=C1))C3(=CC=2(NC(=O)NC=2C=C3))
525,OS(c(cc1)cc(C(N2)=O)c1NC2=O)(=O)=O
