DEL_ID,DEL_Smiles,Class
CHEMBL521686,O=C(c1cc(Cc2n[nH]c(=O)c3ccccc23)ccc1F)N1CCN(C(=O)C2CC2)CC1,Hit
CHEMBL3984980,CC1(C)CC2=NNC(=O)c3cccc4c3c2c(n4CCN2CCCCC2)C1,Hit
CHEMBL3137320,Cn1ncnc1[C@H]1c2n[nH]c(=O)c3cc(F)cc(c23)N[C@@H]1c1ccc(F)cc1,Hit
CHEMBL3907010,CC1CN(C(=O)c2cc(Cc3n[nH]c(=O)c4ccccc34)ccc2F)Cc2nnc(C(F)(F)F)n21,Hit
CHEMBL3933450,O=C1NN=C2CN(C(=O)OCc3ccccc3)Cc3[nH]c4cc(F)cc1c4c32,Hit
CHEMBL3975917,CN(C)CCn1c2c3c4c(cccc41)C(=O)NN=C3CC(C)(C)C2,Hit
CHEMBL3929889,CN(C)CCn1c2c3c4c(cc(F)cc41)C(=O)NN=C3CC(C)(C)C2,Hit
CHEMBL3926240,CCN(CC)CCn1c2c3c4c(cccc41)C(=O)NN=C3CC(C)(C)C2,Hit
CHEMBL3922789,O=C1NN=C2CN(C(=O)C3CC3)Cc3[nH]c4cccc1c4c32,Hit
CHEMBL5182405,O=C(COc1ccc2c(c1)CCCN2C(=O)CCl)NCCCCCCCCCC(=O)N1CCN(C(=O)c2cc(Cc3n[nH]c(=O)c4ccccc34)ccc2F)CC1,Hit
CHEMBL4107982,C[C@]12CCCN1CC1=NNC(=O)c3cccc4[nH]c2c1c34,Hit
CHEMBL1173055,CNCc1ccc(-c2[nH]c3cc(F)cc4c3c2CCNC4=O)cc1,Hit
CHEMBL3901232,CC(C)(C)OC(=O)N1CCC2=C(C1)Nc1cccc3c(=O)[nH]nc2c13,Hit
CHEMBL4112930,C[C@]12CCCN1CC1=NNC(=O)c3cc(F)cc4[nH]c2c1c34,Hit
CHEMBL3955609,O=C1NN=C2CN(C(=O)OCc3ccccc3)Cc3[nH]c4cccc1c4c32,Hit
CHEMBL3972156,CC1(C)CC2=NNC(=O)c3cccc4[nH]c(c2c34)C1,Hit
CHEMBL5080271,CC(C)C(=O)N1CCN(C(=O)c2cc(Cn3c(=O)[nH]c(=O)c4ccccc43)ccc2F)C[C@H]1C,Hit
CHEMBL4529965,NC(=O)c1cccc2c1O/C(=C\c1ccc(C(=O)NCCc3nc4c(C(N)=O)cccc4[nH]3)cc1)C2=O,Hit
CHEMBL3914932,CC1(C)CCc2[nH]c3cc(F)cc4c3c2C1=NNC4=O,Hit
CHEMBL3962648,O=C1NN=C2CCCCc3[nH]c4cc(F)cc1c4c32,Hit
CHEMBL3955370,CC1(C)CCC2=C(C1)c1n[nH]c(=O)c3cccc(c13)N2,Hit
CHEMBL3925115,CC(C)C1CC2=NNC(=O)c3cc(F)cc4[nH]c(c2c34)C1,Hit
CHEMBL3901034,CC1(C)CC2=NNC(=O)c3c(F)ccc4[nH]c(c2c34)C1,Hit
CHEMBL3939501,O=c1[nH]nc2c3c(cccc13)NC1=C2CCCCCC1,Hit
CHEMBL3952089,O=c1[nH]nc2c3c(cccc13)NC1=C2CCCC1,Hit
CHEMBL3907535,CC(C)N1CC2=NNC(=O)c3cccc4[nH]c(c2c34)C1,Hit
CHEMBL3929705,O=C1NN=C2CCCc3[nH]c4cc(F)cc1c4c32,Hit
CHEMBL4858564,Cc1c(CN2CCN(C(=O)c3cc(Cc4n[nH]c(=O)c5ccccc45)ccc3F)CC2)sc2c(N3CCOCC3)nc(-c3cnc(N)nc3)nc12,Hit
CHEMBL3893294,O=c1[nH]nc2c3c(cccc13)NC1=C2CCCCC1,Hit
CHEMBL3961684,CC1(C)CC2=NNC(=O)c3cc(F)cc4[nH]c(c2c34)C1=O,Hit
CHEMBL4865059,Cc1c(CN2CCN(C(=O)c3cc4cccc(C(N)=O)c4o3)CC2)sc2c(N3CCOCC3)nc(-c3cnc(N)nc3)nc12,Hit
CHEMBL3644587,O=c1[nH]nc2c3c(cccc13)N=C(CN1Cc3ccccc3C1)N2,Hit
CHEMBL609002,O=C1NCC2c3c(cccc31)CCN2C(=O)CCc1cnccn1,Hit
CHEMBL3740104,N#Cc1cccnc1N1CCN(C(=O)c2cccc(Cc3n[nH]c(=O)c4ccccc34)c2)CC1,Hit
CHEMBL595018,O=C1NCC2c3c(cccc31)CCN2C(=O)Cc1cccnc1,Hit
CHEMBL3970252,CC(C)(N)C(=O)N1CC2=NNC(=O)c3cccc4[nH]c(c2c34)C1,Hit
CHEMBL4067999,O=C(Nc1cc(Cn2c(=O)[nH]c(=O)c3ccccc32)cnc1F)[C@H]1CCN(CCC2CC2)C1,Hit
CHEMBL3969742,O=C1NN=C2CCCCc3[nH]c4cccc1c4c32,Hit
CHEMBL3907218,CC(C)C1CC2=NNC(=O)c3cccc4[nH]c(c2c34)C1,Hit
CHEMBL4871210,NC(=O)c1cccc2cc(C(=O)N3CCN(Cc4cc5nc(-c6cnc(N)nc6)nc(N6CCOCC6)c5s4)CC3)oc12,Hit
CHEMBL3978225,O=c1[nH]nc2c3c(cccc13)NC1=C2CCNC1,Hit
CHEMBL5176874,COc1ccc(NC(=O)c2ccc(NC(=O)N3CCN(C(=O)c4cc(Cc5n[nH]c(=O)c6ccccc56)ccc4F)CC3)cc2)cc1,Hit
CHEMBL5072662,CC[C@@H]1CN(C(=O)c2cc(Cn3c(=O)[nH]c(=O)c4ccccc43)ccc2F)CCN1CC(F)(F)F,Hit
CHEMBL4755076,N#Cc1ccc(N2CCN([C@H]3C=C(c4cc5c(N)cc(F)cc5c(=O)[nH]4)CC3)CC2)cc1,Hit
CHEMBL3910080,CC1CC2=NNC(=O)c3cc(F)cc4[nH]c(c2c34)C1,Hit
CHEMBL3978989,CC(C)(C)C(=O)N1CC2=NNC(=O)c3cccc4[nH]c(c2c34)C1,Hit
CHEMBL506871,C[C@]1(c2nc3c(C(N)=O)cccc3[nH]2)CCCN1,Hit
CHEMBL4868231,NC(=O)c1cccc2cc(C(=O)N3CCN(Cc4cc5nc(-c6cnc(N)nc6)nc(N6CCOCC6)c5o4)CC3)oc12,Hit
CHEMBL5073404,CC(C)CN1CCN(C(=O)c2cc(Cn3c(=O)[nH]c(=O)c4ccccc43)ccc2F)C[C@H]1C,Hit
CHEMBL3939375,O=c1[nH]nc2c3c(cccc13)NC1=C2CCN(Cc2ccccc2)C1,Hit
CHEMBL4747106,N#Cc1ccc(N2CCN([C@H]3C=C(c4cc5c(N)cccc5c(=O)[nH]4)CC3)CC2)cc1,Hit
CHEMBL4519178,NC(=O)c1cccc2c1O/C(=C\c1ccc(C(=O)N3CCn4c(nnc4C(F)(F)F)C3)cc1)C2=O,Hit
CHEMBL4518901,COc1cc(-c2nn[nH]n2)ccc1/C=C1\Oc2c(C(N)=O)cccc2C1=O,Hit
CHEMBL3892363,O=C1NN=C2CC(c3ccccc3)Cc3[nH]c4cccc1c4c32,Hit
CHEMBL3915929,CC1CC2=NNC(=O)c3cccc4[nH]c(c2c34)C1,Hit
CHEMBL3900548,O=C1NN=C2CC(c3ccccc3)Cc3[nH]c4cc(F)cc1c4c32,Hit
CHEMBL4575227,NC(=O)c1cccc2c1O/C(=C\c1ccc(C(=O)N3CCn4c(nnc4C4CC4)C3)cc1)C2=O,Hit
CHEMBL4584534,CNCc1ccc(-c2cc3cc(F)cc(C(N)=O)c3o2)cc1,Hit
CHEMBL3891329,O=C1NN=C2CCCc3[nH]c4cccc1c4c32,Hit
CHEMBL4454914,NC(=O)c1cccc2c1O/C(=C\c1ccc(-c3nn[nH]n3)cc1)C2=O,Hit
CHEMBL1094636,NC(=O)c1cccc2cn(-c3ccc([C@@H]4CCCNC4)cc3)nc12,Hit
CHEMBL5093731,CC(C)C(=O)N1CCN(C(=O)c2cc(Cn3c(=O)[nH]c(=O)c4ccccc43)ccc2F)C[C@@H]1C,Hit
CHEMBL4078014,O=C(/C=C/c1ccc(CN2CCN(C(=O)c3cc(Cc4n[nH]c(=O)c5ccccc45)ccc3F)CC2)cc1)NO,Hit
CHEMBL4753410,N#Cc1ccc(N2CCN([C@H]3C=C(c4cc5c(N)cc(F)cc5c(=O)[nH]4)CC3)CC2)c(F)c1,Hit
CHEMBL4083291,O=C(Nc1cc(Cn2c(=O)[nH]c(=O)c3ccccc32)cnc1F)[C@H]1CCN(CCC(F)(F)F)C1,Hit
CHEMBL5203682,C[C@@H]1CN(Cc2ccc(-c3[nH]c4cc(F)cc5c4c3CCNC5=O)cc2)CCN1,Hit
CHEMBL4446105,NC(=O)c1cccc2c1O/C(=C\c1ccc(C(=O)N3CCn4c(nnc4C(F)F)C3)cc1)C2=O,Hit
CHEMBL4586938,Cn1cnc(-c2nnc3n2CCN(C(=O)c2ccc(/C=C4\Oc5c(C(N)=O)cccc5C4=O)cc2)C3)c1,Hit
CHEMBL4450747,NC(=O)c1cccc2c1O/C(=C\c1ccc(C(=O)N3CCn4c(CC5CC5)nnc4C3)cc1)C2=O,Hit
CHEMBL4061458,O=C(Nc1cc(Cn2c(=O)[nH]c(=O)c3ccccc32)cnc1F)[C@H]1CCN(CC2CC2)C1,Hit
CHEMBL4539194,CCOC(=O)c1nnc2n1CCN(C(=O)c1ccc(/C=C3\Oc4c(C(N)=O)cccc4C3=O)cc1)C2,Hit
CHEMBL4470724,Nc1cc(C(F)(F)F)c(-c2nc3c(c(N4CCOCC4)n2)CCN(C(=O)c2cc(Cc4n[nH]c(=O)c5ccccc45)ccc2F)C3)cn1,Hit
CHEMBL4469675,NC(=O)c1cccc2c1O/C(=C\c1ccc(C(=O)N3CCn4c(nnc4C4CCCC4)C3)cc1)C2=O,Hit
CHEMBL4748390,N#Cc1ccc(N2CCN(CCCc3cc4c(N)cc(F)cc4c(=O)[nH]3)CC2)cc1,Hit
CHEMBL4474593,NC(=O)c1cccc2c1O/C(=C\c1ccc(C(=O)N3CCN(c4nc5ccccc5[nH]4)CC3)cc1)C2=O,Hit
CHEMBL1086580,Oc1nc(-c2ccc(C(F)(F)F)cc2)nc2c1CSCC2,Hit
CHEMBL5095220,CCc1cc2ncc(CN3CCN(c4ccc(C(=O)NC)nc4)CC3)cc2[nH]c1=O,Hit
CHEMBL3764816,Cn1ncnc1[C@@H]1c2n[nH]c(=O)c3cc(F)cc(c23)N[C@H]1c1ccc(F)cc1,Hit
CHEMBL4100719,O=C(Nc1cc(Cn2c(=O)[nH]c(=O)c3ccccc32)cnc1F)[C@H]1CCN(c2ccccc2)C1,Hit
CHEMBL5182785,NC1CCN(Cc2ccc(-c3[nH]c4cc(F)cc5c4c3CCNC5=O)cc2)CC1,Hit
CHEMBL5073596,C[C@@H]1CN(C(=O)c2cc(Cn3c(=O)[nH]c(=O)c4ccccc43)ccc2F)CCN1CC(F)(F)F,Hit
CHEMBL4072243,O=C(Nc1cc(Cn2c(=O)[nH]c(=O)c3ccccc32)cnc1F)[C@H]1CCN(C(=O)C2CC2)C1,Hit
CHEMBL4435102,CC(C)c1nnc2n1CCN(C(=O)c1ccc(/C=C3\Oc4c(C(N)=O)cccc4C3=O)cc1)C2,Hit
CHEMBL4800042,NC(=O)c1ccc(N2CCN(CCCc3cc4c(N)cc(F)cc4c(=O)[nH]3)CC2)cc1,Hit
CHEMBL5084388,CC[C@@H]1C(=O)N(C)c2cnc(N(C)c3ccc(-c4nc5c(C(N)=O)cccc5[nH]4)cc3OC)nc2N1C1CCCC1,Hit
CHEMBL4446923,Cc1ccc2[nH]c(CCNC(=O)c3ccc(/C=C4\Oc5c(C(N)=O)cccc5C4=O)cc3)nc2c1,Hit
CHEMBL5080640,C[C@@H]1CN(C(=O)c2cc(Cn3c(=O)[nH]c(=O)c4ccccc43)ccc2F)CCN1CC1CC1,Hit
CHEMBL4096060,O=C(/C=C/c1ccc(CCNC(=O)c2cc(Cc3n[nH]c(=O)c4ccccc34)ccc2F)cc1)NO,Hit
CHEMBL5190645,CCc1cc2ncc(CN3CCN(c4cnc5cn[nH]c5c4)CC3)cc2[nH]c1=O,Hit
CHEMBL4093008,O=C(Nc1cc(Cn2c(=O)[nH]c(=O)c3ccccc32)cnc1F)[C@H]1CCN(Cc2ccccc2)C1,Hit
CHEMBL4522170,O=C1NCCn2c(-c3ccc(N4CCNCC4)cc3)nc3cncc1c32,Hit
CHEMBL5170407,O=C1NCCc2c(-c3ccc(CN4CCN(c5ncccn5)CC4)cc3)[nH]c3cc(F)cc1c23,Hit
CHEMBL4082728,O=C(Nc1cc(Cn2c(=O)[nH]c(=O)c3ccccc32)cnc1F)[C@H]1CCN(Cc2ccncc2)C1,Hit
CHEMBL4761383,NC(=O)c1cccc2cc(C(=O)N3CCN(c4nc(-c5cnc(NC(=O)CN6CCOCC6)cc5C(F)(F)F)nc(N5CCOCC5)n4)CC3)oc12,Hit
CHEMBL5183006,CC(=O)N1CCN(Cc2ccc(-c3[nH]c4cc(F)cc5c4c3CCNC5=O)cc2)CC1,Hit
CHEMBL5174694,O=C1NCCc2c(-c3ccc(CN4CCN(CCO)CC4)cc3)[nH]c3cc(F)cc1c23,Hit
CHEMBL5088601,CCC(=O)N1CCN(C(=O)c2cc(Cn3c(=O)[nH]c(=O)c4ccccc43)ccc2F)C[C@@H]1CC,Hit
CHEMBL5087953,CCCN1CCN(C(=O)c2cc(Cn3c(=O)[nH]c(=O)c4ccccc43)ccc2F)C[C@H]1C,Hit
CHEMBL4787850,N#Cc1ccc(N2CCN(CCCc3cc4c(N)cccc4c(=O)[nH]3)CC2)cc1,Hit
CHEMBL4458889,CNCc1ccc(-c2nc3cncc4c3n2CCNC4=O)cc1,Hit
CHEMBL5081000,CC(C)CN1CCN(C(=O)c2cc(Cn3c(=O)[nH]c(=O)c4ccccc43)ccc2F)C[C@@H]1C,Hit
CHEMBL5079913,CC[C@@H]1CN(C(=O)c2cc(Cn3c(=O)[nH]c(=O)c4ccccc43)ccc2F)CCN1C(=O)C(F)(F)F,Hit
CHEMBL5080395,C/C=C/CN1CCN(C(=O)c2cc(Cn3c(=O)[nH]c(=O)c4ccccc43)ccc2F)C[C@H]1C,Hit
CHEMBL5083291,C[C@H]1CN(C(=O)c2cc(Cn3c(=O)[nH]c(=O)c4ccccc43)ccc2F)CCN1CC1CC1,Hit
CHEMBL5089572,CC(C)=CCN1CCN(C(=O)c2cc(Cn3c(=O)[nH]c(=O)c4ccccc43)ccc2F)C[C@H]1C,Hit
CHEMBL4435879,CC(C)CN1CCC(c2nc3cncc4c3n2CCNC4=O)CC1,Hit
CHEMBL5075095,CC[C@@H]1CN(C(=O)c2cc(Cn3c(=O)[nH]c(=O)c4ccccc43)ccc2F)CCN1C(=O)C1CC1,Hit
CHEMBL481603,N#Cc1ccc(-c2cnc3cccc(C(N)=O)c3n2)cc1,Hit
CHEMBL5193574,CC(C)(C)OC(=O)NC1CCN(Cc2ccc(-c3[nH]c4cc(F)cc5c4c3CCNC5=O)cc2)CC1,Hit
CHEMBL4776820,N#Cc1ccc(N2CCN([C@H]3C=C(c4cc5ncccc5c(=O)[nH]4)CC3)CC2)cc1,Hit
CHEMBL4092324,CC(C)(C)OC(=O)N1CC[C@H](C(=O)Nc2cc(Cn3c(=O)[nH]c(=O)c4ccccc43)cnc2F)C1,Hit
CHEMBL5193674,CCc1cc2ncc(CN3CC4(C3)CN(c3ccc(C(=O)NC)nc3)C4)cc2[nH]c1=O,Hit
CHEMBL4082114,CC(C)(C)OC(=O)N1CC[C@H](C(=O)Nc2cc(Cn3c(=O)[nH]c(=O)c4ccccc43)ccc2Cl)C1,Hit
CHEMBL4781887,Nc1cc(F)cc2c(=O)[nH]c(CCCN3CCN(c4ccc(F)cc4)CC3)cc12,Hit
CHEMBL4460350,CCNCc1ccc(-c2nc3cncc4c3n2CCNC4=O)cc1,Hit
CHEMBL4515830,NC(=O)c1cccc2c1O/C(=C\c1ccc(C(=O)NCCc3nc4ccccc4[nH]3)cc1)C2=O,Hit
CHEMBL4544913,NC(=O)c1cccc2c1O/C(=C\c1cccc(C(=O)NCCc3nc4ccccc4[nH]3)c1)C2=O,Hit
CHEMBL4475399,CC(C)(Cc1nc2ccccc2[nH]1)NC(=O)c1ccc(/C=C2\Oc3c(C(N)=O)cccc3C2=O)cc1,Hit
CHEMBL4584942,NC(=O)c1cccc2c1O/C(=C\c1ccc(C(=O)N3CCn4cnnc4C3)cc1)C2=O,Hit
CHEMBL4437358,NC(=O)c1cccc2c1O/C(=C\c1ccc(C(=O)N3CC(c4nc5ccccc5[nH]4)C3)cc1)C2=O,Hit
CHEMBL4470212,NC(=O)c1cccc2c1O/C(=C\c1ccc(C(=O)N3CCn4c(CO)nnc4C3)cc1)C2=O,Hit
CHEMBL4471547,NC(=O)c1cccc2c1O/C(=C\c1cccc(C(=O)NCCc3nc4cc(F)ccc4[nH]3)c1)C2=O,Hit
CHEMBL4583398,NC(=O)c1cccc2c1O/C(=C\c1ccc(C(=O)N3CCC(c4nc5ccccc5[nH]4)CC3)cc1)C2=O,Hit
CHEMBL4576573,COc1ccc2[nH]c(CCNC(=O)c3ccc(/C=C4\Oc5c(C(N)=O)cccc5C4=O)cc3)nc2c1,Hit
CHEMBL4571844,Cc1nnc2n1CCN(C(=O)c1ccc(/C=C3\Oc4c(C(N)=O)cccc4C3=O)cc1)C2,Hit
CHEMBL4542683,NC(=O)c1cccc2c1O/C(=C\c1cccc(C(=O)N3CCn4cnnc4C3)c1)C2=O,Hit
CHEMBL4538616,NC(=O)c1cccc2c1O/C(=C\c1ccc(C(=O)NCCCc3nc4ccccc4[nH]3)cc1)C2=O,Hit
CHEMBL4458607,NC(=O)c1cccc2c1O/C(=C\c1ccc(C(=O)N3CCn4c(Cc5cccc(F)c5)nnc4C3)cc1)C2=O,Hit
CHEMBL4450242,NC(=O)c1cccc2c1O/C(=C\c1ccc(C(=O)NCCc3nc4cc(F)ccc4[nH]3)cc1)C2=O,Hit
CHEMBL4470680,NC(=O)c1cccc2c1O/C(=C\c1cccc(C(=O)N3CCn4c(nnc4C(F)(F)F)C3)c1)C2=O,Hit
CHEMBL5088800,CCCN1CCN(C(=O)c2cc(Cn3c(=O)[nH]c(=O)c4ccccc43)ccc2F)C[C@@H]1C,Hit
CHEMBL5094748,CC[C@H]1CN(C(=O)c2cc(Cn3c(=O)[nH]c(=O)c4ccccc43)ccc2F)CCN1C(=O)C1CC1,Hit
CHEMBL4786854,CNC(=O)c1ccc(N2CCN(CCCc3cc4c(N)cc(F)cc4c(=O)[nH]3)CC2)cc1,Hit
CHEMBL5094072,C[C@H]1CN(C(=O)c2cc(Cn3c(=O)[nH]c(=O)c4ccccc43)ccc2F)CCN1CC(F)(F)F,Hit
CHEMBL5208255,CCN(CC)Cc1ccc(-c2[nH]c3cc(F)cc4c3c2CCNC4=O)cc1,Hit
CHEMBL4569417,CC(C)(C)[Si](C)(C)OCCCN1CCN(C(=O)c2cc(Cn3c(=O)[nH]c(=O)c4ccccc43)ccc2F)CC1=O,Hit
CHEMBL4099732,O=C(Nc1cc(Cn2c(=O)[nH]c(=O)c3ccccc32)cnc1F)[C@H]1CCN(CC(F)(F)F)C1,Hit
CHEMBL5077121,CC[C@H]1CN(C(=O)c2cc(Cn3c(=O)[nH]c(=O)c4ccccc43)ccc2F)CCN1C(=O)C(F)(F)F,Hit
CHEMBL4095389,O=C(Nc1cc(Cn2c(=O)[nH]c(=O)c3ccccc32)cnc1F)[C@H]1CCN(C2CCC(F)(F)CC2)C1,Hit
CHEMBL4068890,CC(C)(C)OC(=O)N1CC[C@H](C(=O)Nc2cc(Cn3c(=O)[nH]c(=O)c4ccccc43)cnc2Cl)C1,Hit
CHEMBL5088510,CC(C)=CCN1CCN(C(=O)c2cc(Cn3c(=O)[nH]c(=O)c4ccccc43)ccc2F)C[C@@H]1C,Hit
CHEMBL5084022,CCC(=O)N1CCN(C(=O)c2cc(Cn3c(=O)[nH]c(=O)c4ccccc43)ccc2F)C[C@H]1CC,Hit
CHEMBL5086078,CC[C@H]1CN(C(=O)c2cc(Cn3c(=O)[nH]c(=O)c4ccccc43)ccc2F)CCN1C(C)=O,Hit
CHEMBL4294222,CC1Cc2cc(-c3nc4c(C(N)=O)cc(F)cc4[nH]3)sc2CN1,Hit
CHEMBL372303,CN(C)CC(=O)Nc1ccc2[nH]c(=O)c3ccccc3c2c1,Hit
CHEMBL5087572,C/C=C/CN1CCN(C(=O)c2cc(Cn3c(=O)[nH]c(=O)c4ccccc43)ccc2F)C[C@@H]1C,Hit
CHEMBL5083752,CC[C@H]1CN(C(=O)c2cc(Cn3c(=O)[nH]c(=O)c4ccccc43)ccc2F)CCN1CC,Hit
CHEMBL5083950,CC[C@@H]1CN(C(=O)c2cc(Cn3c(=O)[nH]c(=O)c4ccccc43)ccc2F)CCN1CC1CC1,Hit
CHEMBL4746309,N#Cc1ccc(N2CCN([C@H]3C=C(c4cc5ncccc5c(=O)[nH]4)CC3)CC2)nc1,Hit
CHEMBL560790,O=C1NCCc2c1ccc1[nH]cc(CCNC(=O)N3CCCNCC3)c21,Hit
CHEMBL5095043,C[C@@H](COCCC(=O)N1CCN(c2ncc(C(F)(F)F)cn2)CC1)Nc1cn[nH]c(=O)c1C(F)(F)F,Hit
CHEMBL5180001,CCc1cc2ncc(CN3CC4CN(c5ccc(C(=O)NC)nc5)CC4C3)cc2[nH]c1=O,Hit
CHEMBL4076271,NC(=O)c1cc(F)cc2[nH]c(C(=O)N3CCC(N)C3)nc12,Hit
CHEMBL5198072,CCc1cc2ncc(CN3CCn4c(cnc4C(=O)NC)C3)cc2[nH]c1=O,Hit
CHEMBL3940569,CC1(C)CC2=NNC(=O)c3cccc4c3c2c(n4CC2CO2)C1,Hit
CHEMBL5205419,CCc1cc2ncc(CN3CCN(c4ccc5cc[nH]c5n4)CC3)cc2[nH]c1=O,Hit
CHEMBL5185522,CCc1cc2ncc(CN3CCN(c4ccc5[nH]ncc5n4)CC3)cc2[nH]c1=O,Hit
CHEMBL5089136,CC[C@@H]1CN(C(=O)c2cc(Cn3c(=O)[nH]c(=O)c4ccccc43)ccc2F)CCN1CC,Hit
CHEMBL4080699,NC(=O)c1cc(F)cc2[nH]c(C(=O)N3CCC(N)CC3)nc12,Hit
CHEMBL5087831,CC[C@H]1CN(C(=O)c2cc(Cn3c(=O)[nH]c(=O)c4ccccc43)ccc2F)CCN1,Hit
CHEMBL5081921,C[C@H]1CN(C(=O)c2cc(Cn3c(=O)[nH]c(=O)c4ccccc43)ccc2F)CCN1,Hit
CHEMBL5071826,CC[C@@H]1CN(C(=O)c2cc(Cn3c(=O)[nH]c(=O)c4ccccc43)ccc2F)CCN1C(C)=O,Hit
CHEMBL4789581,N#Cc1ccc(N2CCN([C@H]3C=C(c4cc5ncc(F)cc5c(=O)[nH]4)CC3)CC2)cc1,Hit
CHEMBL4291682,Cc1c(-c2nc3c(C(N)=O)cc(F)cc3[nH]2)sc2c1CCNC2,Hit
CHEMBL3740897,C[C@H]1Cn2c(nnc2C(C)(F)F)CN1C(=O)c1cccc(C(F)(F)c2n[nH]c(=O)c3ccccc23)c1,Hit
CHEMBL4097093,O=C(NO)c1ccc(CN2CCN(C(=O)c3cc(Cc4n[nH]c(=O)c5ccccc45)ccc3F)CC2)cc1,Hit
CHEMBL558845,O=C1NCCc2c1ccc1[nH]cc(CCNC(=O)N3CCNCC3)c21,Hit
CHEMBL5092897,CC[C@@H]1CN(C(=O)c2cc(Cn3c(=O)[nH]c(=O)c4ccccc43)ccc2F)CCN1,Hit
CHEMBL4098745,NC(=O)c1cc(F)cc2[nH]c(C(=O)N3CCC(NC4CCCCC4)CC3)nc12,Hit
CHEMBL5074757,CC[C@@H]1CN(C(=O)c2cc(Cn3c(=O)[nH]c(=O)c4ccccc43)ccc2F)CCN1C(C)C,Hit
CHEMBL4638701,O=c1[nH]c(SCCN2CCN(CCSc3nc4ccccc4c(=O)[nH]3)CC2)nc2ccccc12,Hit
CHEMBL4081378,NC(=O)c1cc(F)cc2[nH]c(C(=O)N3CCC(NC4CCCCC4)C3)nc12,Hit
CHEMBL5201927,CCc1cc2ncc(CN3CCN(c4cc5c(cn4)NC(=O)CC5)CC3)cc2[nH]c1=O,Hit
CHEMBL4101084,O=C(Nc1cc(Cn2c(=O)[nH]c(=O)c3ccccc32)cnc1Cl)[C@H]1CCNC1.O=C(O)C(F)(F)F,Hit
CHEMBL5202261,CCc1cc2ncc(CN3CCC(Nc4ccc(C(=O)NC)nc4)CC3)cc2[nH]c1=O,Hit
CHEMBL5206717,CCc1cc2ncc(CN3CCc4cc(/C=C/C(=O)NC)ccc4C3)cc2[nH]c1=O,Hit
CHEMBL4281045,Cn1c(-c2cc3c(s2)CNCC3)nc2c(C(N)=O)cc(F)cc21,Hit
CHEMBL5087801,CC[C@H]1CN(C(=O)c2cc(Cn3c(=O)[nH]c(=O)c4ccccc43)ccc2F)CCN1CC1CC1,Hit
CHEMBL5090532,CCCN1CCN(C(=O)c2cc(Cn3c(=O)[nH]c(=O)c4ccccc43)ccc2F)C[C@@H]1CC,Hit
CHEMBL4091897,NC(=O)c1cccc2[nH]c(C(=O)N3CCC(N)C3)nc12,Hit
CHEMBL4289667,O=C1NCCn2c(-c3cc4c(s3)CCNC4)nc3cc(F)cc1c32,Hit
CHEMBL4075511,O=C(Cc1ccc(CN2CCN(C(=O)c3cc(Cc4n[nH]c(=O)c5ccccc45)ccc3F)CC2)cc1)NO,Hit
CHEMBL4476020,NC(=O)c1cccc2c1O/C(=C\c1cccc(-c3nn[nH]n3)c1)C2=O,Hit
CHEMBL4582095,NC(=O)c1cccc2c1O/C(=C\c1cccc(C(=O)N3CCN(c4cnccn4)CC3)c1)C2=O,Hit
CHEMBL4439730,NC(=O)c1cccc2c1O/C(=C\c1ccc(N3CCN(c4ncccn4)CC3)cc1)C2=O,Hit
CHEMBL4462563,NC(=O)c1cccc2c1O/C(=C\c1ccc(-c3nn[nH]n3)c(F)c1)C2=O,Hit
CHEMBL4539846,NC(=O)c1cccc2c1O/C(=C\c1ccc(C(=O)N3CCN(c4cnccn4)CC3)cc1)C2=O,Hit
CHEMBL4464740,NC(=O)c1cccc2c1O/C(=C\c1ccc(C(=O)N3CCC(c4ncccn4)CC3)cc1)C2=O,Hit
CHEMBL4437403,NC(=O)c1cccc2c1O/C(=C\c1cccc(C(=O)N3CCN(c4ncccn4)CC3)c1)C2=O,Hit
CHEMBL4445035,COc1ccnc(N2CCN(C(=O)c3cccc(/C=C4\Oc5c(C(N)=O)cccc5C4=O)c3)CC2)n1,Hit
CHEMBL4457849,COc1ccnc(N2CCN(C(=O)c3ccc(/C=C4\Oc5c(C(N)=O)cccc5C4=O)cc3)CC2)n1,Hit
CHEMBL4562749,NC(=O)c1cccc2c1O/C(=C\c1ccc(CN3CCN(c4ncccn4)CC3)cc1)C2=O,Hit
CHEMBL4557232,COCc1nc(-c2ccnc(N3CCN(C(=O)c4ccc(/C=C5\Oc6c(C(N)=O)cccc6C5=O)cc4)CC3)n2)no1,Hit
CHEMBL4591947,NC(=O)c1cccc2c1O/C(=C\c1ccc(C(=O)N3CCN(c4ncccn4)CC3)cc1)C2=O,Hit
CHEMBL5184668,CCOC(=O)Nc1nc2ccc(-c3cc(Cc4n[nH]c(=O)c5ccccc45)ccc3F)cc2[nH]1.Cl,Hit
CHEMBL5088094,CCCN1CCN(C(=O)c2cc(Cn3c(=O)[nH]c(=O)c4ccccc43)ccc2F)C[C@H]1CC,Hit
CHEMBL4289496,NC(=O)c1cccc2[nH]c(-c3cc4c(s3)CNCC4)nc12,Hit
CHEMBL5093696,C[C@@H]1CN(C(=O)c2cc(Cn3c(=O)[nH]c(=O)c4ccccc43)ccc2F)CCN1,Hit
CHEMBL4776507,N#Cc1ccc(N2CCN([C@@H]3C=C(c4cc5c(N)cc(F)cc5c(=O)[nH]4)CC3)CC2)c(F)c1,Hit
CHEMBL5185548,CCc1cc2ncc(CN3CCN(c4ccc5nc(C(F)(F)F)[nH]c5n4)CC3)cc2[nH]c1=O,Hit
CHEMBL5079003,CC[C@H]1CN(C(=O)c2cc(Cn3c(=O)[nH]c(=O)c4ccccc43)ccc2F)CCN1CC(F)(F)F,Hit
CHEMBL5197357,NC1CCN(Cc2cccc(-c3[nH]c4cc(F)cc5c4c3CCNC5=O)c2)CC1,Hit
CHEMBL4293056,CNCc1ccc(-c2nc3c(C(N)=O)cc(F)cc3[nH]2)s1,Hit
CHEMBL4744702,NC(=O)c1cc(Cl)c2cc(-c3cc4c(s3)CNCC4)cnn12,Hit
CHEMBL4533690,O=C(NC1CCN(CC2CC2)C1)c1cc(Cn2c(=O)[nH]c(=O)c3ccccc32)ccc1F,Hit
CHEMBL4087554,CC(C)(C)OC(=O)N1CC[C@H](C(=O)Nc2cc(Cn3c(=O)[nH]c(=O)c4ccccc43)ccc2Br)C1,Hit
CHEMBL5178741,CCc1cc2ncc(CN3CCC(Nc4ccc(C(=O)NC)nc4)C3)cc2[nH]c1=O,Hit
CHEMBL4286249,CC(C)(C)[C@@H]1NCCC2C=C(c3nc4c(C(=O)O)cc(F)cc4[nH]3)SC21,Hit
CHEMBL4280657,NC(=O)c1cc(F)cc2[nH]c(-c3cc4c(s3)CCNC4)nc12,Hit
CHEMBL4079788,NC(=O)c1cccc2[nH]c(C(=O)N3CCC(N)CC3)nc12,Hit
CHEMBL4076845,CC(C)(C)CN1CCC(NC(=O)c2nc3c(C(N)=O)cc(F)cc3[nH]2)CC1,Hit
CHEMBL4070559,CCCNC1CCN(C(=O)c2nc3c(C(N)=O)cccc3[nH]2)C1,Hit
CHEMBL4083109,O=C(Nc1cc(Cn2c(=O)[nH]c(=O)c3ccccc32)cnc1F)[C@H]1CCNC1.O=C(O)C(F)(F)F,Hit
CHEMBL4291982,CN1CCc2sc(-c3nc4c(C(N)=O)cc(F)cc4[nH]3)cc2C1,Hit
CHEMBL4279065,CC(C)(C)C1NCCc2cc(-c3nc4c(C(N)=O)cc(F)cc4[nH]3)sc21,Hit
CHEMBL4282620,CC1NCCc2cc(-c3nc4c(C(N)=O)cc(F)cc4[nH]3)sc21,Hit
CHEMBL5196723,CCc1cc2ncc(CN3CCN(c4ccc5oc(=O)[nH]c5c4)CC3)cc2[nH]c1=O,Hit
CHEMBL4077812,NC(=O)c1cccc2[nH]c(C(=O)N3CCC(NC4CCCCC4)C3)nc12,Hit
CHEMBL4281789,O=C1NCCn2c(-c3cc4c(s3)CNCC4)nc3cc(F)cc1c32,Hit
CHEMBL4100391,NC(=O)c1cccc2[nH]c(C(=O)NC3CCN(CC(F)(F)F)CC3)nc12,Hit
CHEMBL4072851,O=C(Nc1cc(Cn2c(=O)[nH]c(=O)c3ccccc32)ccc1[N+](=O)[O-])[C@H]1CCNC1,Hit
CHEMBL4097709,CC(C)(C)OC(=O)N1CC[C@H](C(=O)Nc2cc(Cn3c(=O)[nH]c(=O)c4ccccc43)ccc2N)C1,Hit
CHEMBL4091988,O=C(Nc1cc(Cn2c(=O)[nH]c(=O)c3ccccc32)ccc1Br)[C@H]1CCNC1.O=C(O)C(F)(F)F,Hit
CHEMBL4060222,CC(C)(C)OC(=O)N1CC[C@H](C(=O)Nc2cncc(Cn3c(=O)[nH]c(=O)c4ccccc43)c2)C1,Hit
CHEMBL4064245,O=C(Nc1cc(Cn2c(=O)[nH]c(=O)c3ccccc32)ccc1Cl)[C@H]1CCNC1.O=C(O)C(F)(F)F,Hit
CHEMBL4079674,CC(C)(C)OC(=O)N1CC[C@H](C(=O)Nc2cc(Cn3c(=O)[nH]c(=O)c4ccccc43)ccc2O)C1,Hit
CHEMBL5080224,CC[C@H]1CN(C(=O)c2cc(Cn3c(=O)[nH]c(=O)c4ccccc43)ccc2F)CCN1C,Hit
CHEMBL4105422,CC(C)(C)OC(=O)N1CC[C@H](C(=O)Nc2cc(Cn3c(=O)[nH]c(=O)c4ccccc43)ccc2[N+](=O)[O-])C1,Hit
CHEMBL4089975,CC(C)(C)OC(=O)N1CC[C@H](C(=O)Nc2cc(Cn3c(=O)[nH]c(=O)c4ccccc43)cnc2Br)C1,Hit
CHEMBL4102201,O=C(Nc1cc(Cn2c(=O)[nH]c(=O)c3ccccc32)cnc1Br)[C@H]1CCNC1.O=C(O)C(F)(F)F,Hit
CHEMBL5088329,CC[C@H]1CN(C(=O)c2cc(Cn3c(=O)[nH]c(=O)c4ccccc43)ccc2F)CCN1C(C)C,Hit
CHEMBL5091323,CC[C@@H]1CN(C(=O)c2cc(Cn3c(=O)[nH]c(=O)c4ccccc43)ccc2F)CCN1C,Hit
CHEMBL4288557,CN1CCc2cc(-c3nc4c(C(N)=O)cc(F)cc4[nH]3)sc2C1,Hit
CHEMBL4287147,NC(=O)c1cccc2[nH]c(-c3cc4c(s3)CCNC4)nc12,Hit
CHEMBL4277920,CC(C)CC1NCCc2cc(-c3nc4c(C(N)=O)cc(F)cc4n3C)sc21,Hit
CHEMBL4290904,NC(=O)c1cc(F)cc2[nH]c(-c3cc4c(s3)CNCC4)nc12,Hit
CHEMBL1892587,O=C(O)CCc1nc(O)c2ccccc2n1,Hit
CHEMBL4081066,NC(=O)c1cccc2[nH]c(C(=O)NC3CCN(CC4CC4)CC3)nc12,Hit
CHEMBL4279230,CN1CCc2sc(-c3nc4c(C(N)=O)cccc4[nH]3)cc2C1,Hit
CHEMBL5179882,CCc1cc2ncc(CN3CC[C@@H](Nc4ccc(C(=O)NC)nc4)C3)cc2[nH]c1=O,Hit
CHEMBL5195834,CCc1cc2ncc(CN3CC[C@H](Nc4ccc(C(=O)NC)nc4)C3)cc2[nH]c1=O,Hit
CHEMBL4278820,CCN1CCc2sc(-c3nc4c(C(N)=O)cccc4[nH]3)cc2C1,Hit
CHEMBL4059827,O=C1SCCc2nc(-c3ccc(C(F)(F)F)cc3)[nH]c(=O)c21,Hit
CHEMBL4288572,NC(=O)c1cc(F)cc2[nH]c(-c3cc4c(o3)CNCC4)nc12,Hit
CHEMBL4080163,Cc1cccc2c(=O)[nH]c(CCC(=O)O)nc12,Hit
CHEMBL4277995,CCC1NCCc2cc(-c3nc4c(C(N)=O)cc(F)cc4[nH]3)sc21,Hit
CHEMBL4285227,NC(=O)c1cc(F)cc2[nH]c(C3=NC4CCNCC4S3)nc12,Hit
CHEMBL5187899,CCc1cc2ncc(CN3CCN(c4cc5cccc(C(=O)NC)c5cn4)CC3)cc2[nH]c1=O,Hit
CHEMBL5191912,CCc1cc2ncc(CN3CCN(c4ccc(OC(F)F)nc4)CC3)cc2[nH]c1=O,Hit
CHEMBL4741921,N#Cc1ccc(N2CCN([C@@H]3C=C(c4cc5c(N)cccc5c(=O)[nH]4)CC3)CC2)cc1,Hit
CHEMBL5173989,CCc1cc2ncc(CN3CC(Nc4ccc(C(=O)NC)nc4)C3)cc2[nH]c1=O,Hit
CHEMBL4282534,CC(C)C1NCCc2cc(-c3nc4c(C(N)=O)cc(F)cc4[nH]3)sc21,Hit
CHEMBL4777158,N#Cc1ccc(N2CCN([C@@H]3C=C(c4cc5c(N)cc(F)cc5c(=O)[nH]4)CC3)CC2)cc1,Hit
CHEMBL4758651,NC(=O)c1cc(Cl)c2cc(-c3cc4c(s3)CCNC4)cnn12,Hit
CHEMBL4286332,CC(C)CC1NCCc2cc(-c3nc4c(C(N)=O)cc(F)cc4[nH]3)sc21,Hit
CHEMBL4084234,O=C(Nc1cncc(Cn2c(=O)[nH]c(=O)c3ccccc32)c1)[C@H]1CCNC1.O=C(O)C(F)(F)F,Hit
CHEMBL4289750,NC(=O)c1cc(F)cc2[nH]c(-c3cc4c(s3)C(C3CC3)NCC4)nc12,Hit
CHEMBL3933931,COc1ccc(C(=O)C2CCN(CC(=O)NCc3nc4c(c(=O)[nH]3)CCCC4)CC2)cc1,Hit
CHEMBL4276836,CN1CCc2cc(-c3nc4c(C(N)=O)cccc4[nH]3)sc2C1,Hit
CHEMBL3827963,COc1cccc2c(=O)[nH]c(-c3ccc(Br)cc3)nc12,Hit
CHEMBL4287485,Cc1cc(C(N)=O)c2nc(-c3cc4c(s3)CNCC4)[nH]c2c1,Hit
CHEMBL4285923,CCCC1NCCc2cc(-c3nc4c(C(N)=O)cc(F)cc4[nH]3)sc21,Hit
CHEMBL4291992,Cn1c(-c2cc3c(s2)C(C(C)(C)C)NCC3)nc2c(C(N)=O)cc(F)cc21,Hit
CHEMBL5179279,CCc1cc2ncc(CN3C[C@@H]4C[C@H]3CN4c3ccc(C(=O)NC)nc3)cc2[nH]c1=O,Hit
CHEMBL4642139,O=c1[nH]c(SCCN2CCN(CCCOc3ccc(-c4ccccc4)cc3)CC2)nc2ccccc12,Hit
CHEMBL4632484,O=C1CC2(CCN(C(=O)CN3CCN(CCSc4nc5ccccc5c(=O)[nH]4)CC3)CC2)Oc2ccccc21,Hit
CHEMBL4293136,CCCCC1NCCc2cc(-c3nc4c(C(N)=O)cc(F)cc4[nH]3)sc21,Hit
CHEMBL4278332,CC(C)(C)[C@H]1NCCC2C=C(c3nc4c(C(=O)O)cc(F)cc4[nH]3)SC21,Hit
CHEMBL4281379,CCn1c(-c2cc3c(s2)CNCC3)nc2c(C(N)=O)cc(F)cc21,Hit
CHEMBL4756907,CN1CCc2sc(-c3ccc4c(Cl)cc(C(N)=O)n4n3)cc2C1,Hit
CHEMBL4648016,O=c1[nH]c(SCCN2CCN(CCCc3nc(-c4ccccc4)no3)CC2)nc2ccccc12,Hit
CHEMBL4280264,NC(=O)c1cc(Cl)cc2[nH]c(-c3cc4c(s3)CNCC4)nc12,Hit
CHEMBL4744208,CN1CCc2cc(-c3ccc4c(Cl)cc(C(N)=O)n4n3)sc2C1,Hit
CHEMBL4761828,NC(=O)c1cc(Cl)c2ccc(-c3ccc(CN4CCN(c5ccc(C(F)(F)F)cc5)CC4)cc3)nn12,Hit
CHEMBL5180063,CCc1cc2ncc(CN3CCN(c4ccc(C(C)(C)O)nc4)CC3)cc2[nH]c1=O,Hit
CHEMBL2431805,O=c1[nH]c(-c2ccc(C(F)(F)F)cc2)nc2c1CCSC2,Hit
CHEMBL5176626,CCc1cc2ncc(CN3CCc4nc(C(=O)NC)ccc4C3)cc2[nH]c1=O,Hit
CHEMBL5177596,Cc1cnc(N2CCN(Cc3ccc4c5c(c(=O)[nH]c4c3)CCCC5)CC2)n1C,Hit
CHEMBL251030,O=c1[nH]c(CCCN2CC=C(c3ccc(F)cc3)CC2)nc2c(Cl)cccc12,Hit
CHEMBL4741696,CC(C)CC1NCCc2cc(-c3cnn4c(C(N)=O)cc(Cl)c4c3)sc21,Hit
CHEMBL4460557,O=c1[nH]c(SCCN2CCN(c3ccccn3)CC2)nc2ccccc12,Hit
CHEMBL123798,COc1cccc2c(O)nc(-c3ccc(C(F)(F)F)cc3)nc12,Hit
CHEMBL5191396,Cc1cnc(N2CCN(Cc3ccc4c(c3)[nH]c(=O)c3ccccc34)CC2)n1C,Hit
CHEMBL3098938,Cc1cccc2c(=O)[nH]c(-c3ccc(F)cc3)nc12,Hit
CHEMBL3966085,O=C(CN1CCC(C(=O)c2ccc(F)cc2)CC1)NCc1nc2c(c(=O)[nH]1)CCCC2,Hit
CHEMBL4754497,CN(C)Cc1ccc(-c2ccc3c(Cl)cc(C(N)=O)n3n2)cc1,Hit
CHEMBL4853039,O=C(c1ccco1)N1CCN(Cc2c(O)cc(O)c3c(=O)cc(-c4ccc(O)cc4)oc23)CC1,Hit
CHEMBL5187963,Cc1cccc2c(=O)[nH]c(CSc3ncccn3)nc12,Hit
CHEMBL4762579,CC(C)(C)C1NCCc2sc(-c3cnn4c(C(N)=O)cc(Cl)c4c3)cc21,Hit
CHEMBL3944854,O=C(CN1CCC(C(=O)c2ccc(OCC3CCC3)cc2)CC1)NCc1nc2c(c(=O)[nH]1)COCC2,Hit
CHEMBL4868405,O=c1cc(-c2ccc(O)cc2)oc2c(CN3CCN(Cc4cccs4)CC3)c(O)cc(O)c12,Hit
CHEMBL3944401,O=C(CN1CCC(C(=O)c2ccc(OCCC3CC3)cc2)CC1)NCc1nc2c(c(=O)[nH]1)COCC2,Hit
CHEMBL125154,COc1cccc2c(O)nc(-c3ccc([N+](=O)[O-])cc3)nc12,Hit
CHEMBL2314698,COc1ccccc1NC(=O)c1ccc(NC(=O)CCc2nc3ccccc3c(=O)[nH]2)cc1,Hit
CHEMBL4641894,O=C(OCc1ccccc1)N1CCN(CCSc2nc3ccccc3c(=O)[nH]2)CC1,Hit
CHEMBL4101890,Cc1cc(N2C[C@@H](C)N[C@@H](C)C2)ncc1-c1ccc(-c2nc3c(ccn3C)c(=O)[nH]2)cc1,Hit
CHEMBL5179448,CCc1cc2ncc(CN3CCN(c4ccc(C(=O)NC)c5nccn45)CC3)cc2[nH]c1=O,Hit
CHEMBL4760246,NC(=O)c1cc(Cl)c2ccc(-c3ccc(CN4CCN(C5CC5)CC4)cc3)nn12,Hit
CHEMBL4740356,CC(C)(C)C1NCCc2cc(-c3cnn4c(C(N)=O)cc(Cl)c4c3)sc21,Hit
CHEMBL4799284,COc1cc(/C=N/NC(N)=S)c(Br)c(Br)c1OC,Hit
CHEMBL4089840,O=C(COc1cccc2c(=O)[nH]ccc12)c1ccccc1,Hit
CHEMBL4437173,CC(C)(O)c1ccc(-c2nc3c(F)cc(F)cc3c(=O)[nH]2)cc1,Hit
CHEMBL4785312,NC(=O)c1cc(Cl)c2ccc(-c3ccc(C(=O)N4CCNCC4)cc3)nn12,Hit
CHEMBL4760782,CC(C)CC(=O)N1CCN(C(=O)c2ccc(-c3ccc4c(Cl)cc(C(N)=O)n4n3)cc2)CC1,Hit
CHEMBL4847227,O=C(c1cccs1)N1CCN(Cc2c(O)cc(O)c3c(=O)cc(-c4ccc(O)cc4)oc23)CC1,Hit
CHEMBL5197101,CCc1cc2ccc(CN3CCN(c4ccc(C(=O)NC)nc4)CC3)cc2[nH]c1=O,Hit
CHEMBL5209181,Cc1cnc(N2CCN(Cc3ccc4c5c(c(=O)[nH]c4c3)CCCN5)CC2)n1C,Hit
CHEMBL4856808,O=c1cc(-c2ccc(O)cc2)oc2c(CN3CCN(Cc4ccncc4)CC3)c(O)cc(O)c12,Hit
CHEMBL4758319,NC(=O)c1cc(Cl)c2ccc(-c3ccc(C(=O)N4CCN(C(=O)C5CC5)CC4)cc3)nn12,Hit
CHEMBL4778202,CNCc1ccc(-c2ccc3c(Cl)cc(C(N)=O)n3n2)cc1,Hit
CHEMBL4756008,NC(=O)c1cc(Cl)c2ccc(-c3ccc(CN4CCCC4)cc3)nn12,Hit
CHEMBL4746131,CN(C)C1CCN(Cc2ccc(-c3ccc4c(Cl)cc(C(N)=O)n4n3)cc2)CC1,Hit
CHEMBL3946751,COc1ccc(C(=O)C2CCN(CC(=O)NCc3cc4c(c(=O)[nH]3)COCC4)CC2)cc1,Hit
CHEMBL4741306,NC(=O)c1cc(Cl)c2cc(-c3cc4c(s3)CCNC4C3CC3)cnn12,Hit
CHEMBL5077731,O=c1[nH]c2sccc2c2cc(O)ccc12,Hit
CHEMBL4862002,COc1ccc(CN2CCN(Cc3c(O)cc(O)c4c(=O)cc(-c5ccc(O)cc5)oc34)CC2)c(OC)c1OC,Hit
CHEMBL4449082,C[C@@H]1CN(c2cc(F)c3c(c2)N(C)C(=O)C32CCN(c3nc4c(c(=O)[nH]3)CCCN4C)CC2)C[C@H](C)O1,Hit
CHEMBL4849380,O=C(c1ccccn1)N1CCN(Cc2c(O)cc(O)c3c(=O)cc(-c4ccc(O)cc4)oc23)CC1,Hit
CHEMBL4876922,O=c1cc(-c2ccc(O)cc2)oc2c(CN3CCN(Cc4ccco4)CC3)c(O)cc(O)c12,Hit
CHEMBL4867555,O=C(c1ccncc1)N1CCN(Cc2c(O)cc(O)c3c(=O)cc(-c4ccc(O)cc4)oc23)CC1,Hit
CHEMBL4746094,CC(C)N1CCN(Cc2ccc(-c3ccc4c(Cl)cc(C(N)=O)n4n3)cc2)CC1,Hit
CHEMBL4848834,O=C(c1cccnc1)N1CCN(Cc2c(O)cc(O)c3c(=O)cc(-c4ccc(O)cc4)oc23)CC1,Hit
CHEMBL126871,COc1cccc2c(O)nc(-c3ccccc3)nc12,Hit
CHEMBL3827770,COc1cccc2c(=O)[nH]c(-c3ccc(F)cc3)nc12,Hit
CHEMBL4759867,COC1CCN(C(=O)c2ccc(-c3ccc4c(Cl)cc(C(N)=O)n4n3)c(F)c2)C1,Hit
CHEMBL4785360,COC1CCN(C(=O)c2ccc(-c3ccc4c(Cl)cc(C(N)=O)n4n3)c(F)c2)CC1,Hit
CHEMBL4863696,COc1cc(CN2CCN(Cc3c(O)cc(O)c4c(=O)cc(-c5ccc(O)cc5)oc34)CC2)cc(OC)c1,Hit
CHEMBL4874589,CCc1cc2cnc(CN3CCN(c4ccc(C(=O)NC)nc4)CC3)cc2[nH]c1=O,Hit
CHEMBL4126054,NC(=O)c1ccc(Oc2cccc(C(N)=O)c2)cc1,Hit
CHEMBL4750148,COC1CCN(C(=O)c2ccc(-c3ccc4c(Cl)cc(C(N)=O)n4n3)cc2)C1,Hit
CHEMBL3110100,N#Cc1ccc(O[C@H]2CC[C@H](NC(=O)CCSc3nc4ccccc4c(=O)[nH]3)CC2)cc1,Hit
CHEMBL4873634,O=c1cc(-c2ccc(O)cc2)oc2c(CN3CCN(c4cncnc4)CC3)c(O)cc(O)c12,Hit
CHEMBL4876352,Cc1ccc(CN2CCN(Cc3c(O)cc(O)c4c(=O)cc(-c5ccc(O)cc5)oc34)CC2)cc1,Hit
CHEMBL4854276,O=c1cc(-c2ccc(O)cc2)oc2c(CN3CCN(Cc4ccc(Cl)cc4)CC3)c(O)cc(O)c12,Hit
CHEMBL5084343,COc1ccc2c(=O)[nH]c3sccc3c2c1,Hit
CHEMBL4876971,O=c1cc(-c2ccc(O)cc2)oc2c(CN3CCN(Cc4ccc(C(F)(F)F)cc4)CC3)c(O)cc(O)c12,Hit
CHEMBL4751128,NC(=O)c1cc(Cl)c2ccc(-c3ccc(F)c(C(=O)N4CCN(C(=O)C5CC5)CC4)c3)nn12,Hit
CHEMBL3928915,O=C(CN1CCC(C(=O)c2ccc(OCC3CC3)cc2)CC1)NCc1nc2c(c(=O)[nH]1)COCC2,Hit
CHEMBL4865730,COc1ccc(CN2CCN(Cc3c(O)cc(O)c4c(=O)cc(-c5ccc(O)cc5)oc34)CC2)cc1,Hit
CHEMBL4853266,Cc1cc(C)cc(COC(=O)N2CCN(Cc3c(O)cc(O)c4c(=O)cc(-c5ccc(O)cc5)oc34)CC2)c1,Hit
CHEMBL4875196,O=c1cc(-c2ccc(O)cc2)oc2c(CN3CCN(Cc4ccc(F)cc4)CC3)c(O)cc(O)c12,Hit
CHEMBL4848408,O=c1cc(-c2ccc(O)cc2)oc2c(CN3CCN(c4ccccc4O)CC3)c(O)cc(O)c12,Hit
CHEMBL5181770,Cc1cc(Br)cc2c(=O)[nH]c(CSc3ncccn3)nc12,Hit
CHEMBL1164165,O=c1[nH]c(-c2ccc([N+](=O)[O-])cc2)nc2ccccc12,Hit
CHEMBL4850517,O=C(OCc1ccccc1)N1CCN(Cc2c(O)cc(O)c3c(=O)cc(-c4ccc(O)cc4)oc23)CC1,Hit
CHEMBL3947374,CC(C)Oc1ccc(C(=O)C2CCN(CC(=O)NCc3nc4c(c(=O)[nH]3)COCC4)CC2)cc1,Hit
CHEMBL4870649,CC(C)C(=O)N1CCN(Cc2c(O)cc(O)c3c(=O)cc(-c4ccc(O)cc4)oc23)CC1,Hit
CHEMBL4855360,O=c1cc(-c2ccc(O)cc2)oc2c(CN3CCN(c4ccccc4)CC3)c(O)cc(O)c12,Hit
CHEMBL3906833,CCCOc1ccc(C(=O)C2CCN(CC(=O)NCc3nc4c(c(=O)[nH]3)COCC4)CC2)cc1,Hit
CHEMBL2381945,CC1(C)OC(=O)N([C@H]2CC[C@H](n3c(=O)[nH]c4cc(C#N)c(F)cc43)CC2)[C@H]1c1ccccc1,Hit
CHEMBL4745626,CCN(CC)Cc1ccc(-c2ccc3c(Cl)cc(C(N)=O)n3n2)cc1,Hit
CHEMBL4454483,COc1ccccc1N1CCN(c2nc3c(c(=O)[nH]2)CCCC3)CC1,Hit
CHEMBL3943283,Cc1ccc(C(=O)C2CCN(CC(=O)NCc3nc4c(c(=O)[nH]3)COCC4)CC2)cc1,Hit
CHEMBL4866335,O=C(C1CCCCC1)N1CCN(Cc2c(O)cc(O)c3c(=O)cc(-c4ccc(O)cc4)oc23)CC1,Hit
CHEMBL4752536,NC(=O)c1cc(Cl)c2ccc(-c3ccc(C(=O)N4CCN(C(=O)C5CC5)CC4)cc3F)nn12,Hit
CHEMBL4779263,NC(=O)c1cc(Cl)c2ccc(-c3ccc(CN4CCNCC4)cc3)nn12,Hit
CHEMBL3956527,COCCOc1ccc(C(=O)C2CCN(CC(=O)NCc3nc4c(c(=O)[nH]3)COCC4)CC2)cc1,Hit
CHEMBL5183769,CCc1cc2ccc(CN3CCN(c4cnc(C(=O)NC)nc4)CC3)cc2[nH]c1=O,Hit
CHEMBL3110117,O=C(CCSc1nc2ccccc2c(=O)[nH]1)N[C@H]1CC[C@H](c2nnc(-c3ccccc3)o2)CC1,Hit
CHEMBL4874308,O=c1cc(-c2ccc(O)cc2)oc2c(CN3CCN(CC4CCCO4)CC3)c(O)cc(O)c12,Hit
CHEMBL4854910,COc1ccc(C(=O)N2CCN(Cc3c(O)cc(O)c4c(=O)cc(-c5ccc(O)cc5)oc34)CC2)cc1,Hit
CHEMBL4868456,O=C(C1CC1)N1CCN(Cc2c(O)cc(O)c3c(=O)cc(-c4ccc(O)cc4)oc23)CC1,Hit
CHEMBL3925030,O=C(CN1CCC(C(=O)c2ccc(Cl)cc2)CC1)NCc1nc2c(c(=O)[nH]1)COCC2,Hit
CHEMBL1163173,O=c1[nH]c(-c2ccc(Cl)cc2)nc2ccccc12,Hit
CHEMBL4869388,O=C(C1CCC1)N1CCN(Cc2c(O)cc(O)c3c(=O)cc(-c4ccc(O)cc4)oc23)CC1,Hit
CHEMBL4861133,O=c1cc(-c2ccc(O)cc2)oc2c(CN3CCN(Cc4ccoc4)CC3)c(O)cc(O)c12,Hit
CHEMBL4448872,O=c1[nH]c(N2CCC3(CC2)CN(CCO)c2cc(F)cc(F)c23)nc2c1CCCC2,Hit
CHEMBL4758514,CC(C)CC1NCCc2sc(-c3cnn4c(C(N)=O)cc(Cl)c4c3)cc21,Hit
CHEMBL4850338,O=c1cc(-c2ccc(O)cc2)oc2c(CN3CCN(Cc4ccsc4)CC3)c(O)cc(O)c12,Hit
CHEMBL4865987,O=c1cc(-c2ccc(O)cc2)oc2c(CN3CCN(c4ccc(C(F)(F)F)cc4)CC3)c(O)cc(O)c12,Hit
CHEMBL4846968,Cc1ccc(N2CCN(Cc3c(O)cc(O)c4c(=O)cc(-c5ccc(O)cc5)oc34)CC2)cc1,Hit
CHEMBL3903427,O=C(CN1CCC(C(=O)c2ccc(OC3CCOCC3)cc2)CC1)NCc1nc2c(c(=O)[nH]1)COCC2,Hit
CHEMBL3921853,COc1ccc(C(=O)C2CCN([C@H]3CCN(Cc4nc5ccccc(=O)c5[nH]4)C3=O)CC2)cc1C,Hit
CHEMBL3902386,O=C(CN1CCC(n2c(=O)[nH]c3ccccc32)CC1)NCc1nc2c(c(=O)[nH]1)COCC2,Hit
CHEMBL4862496,O=c1cc(-c2ccc(O)cc2)oc2c(CN3CCN(c4ccc(F)cc4)CC3)c(O)cc(O)c12,Hit
CHEMBL4851728,O=C(c1ccccc1)N1CCN(Cc2c(O)cc(O)c3c(=O)cc(-c4ccc(O)cc4)oc23)CC1,Hit
CHEMBL4847485,O=C(c1cccc(C(F)(F)F)c1)N1CCN(Cc2c(O)cc(O)c3c(=O)cc(-c4ccc(O)cc4)oc23)CC1,Hit
CHEMBL4862834,O=c1cc(-c2ccc(O)cc2)oc2c(CN3CCN(c4ccc(O)cc4)CC3)c(O)cc(O)c12,Hit
CHEMBL4861814,O=c1cc(-c2ccc(O)cc2)oc2c(CN3CCN(CC4CC4)CC3)c(O)cc(O)c12,Hit
CHEMBL4863798,CC(=O)N1CCN(Cc2c(O)cc(O)c3c(=O)cc(-c4ccc(O)cc4)oc23)CC1,Hit
CHEMBL4852964,O=C(c1ccc(Cl)cc1)N1CCN(Cc2c(O)cc(O)c3c(=O)cc(-c4ccc(O)cc4)oc23)CC1,Hit
CHEMBL3978546,O=C(CN1CCC(c2noc3cc(F)ccc23)CC1)NCc1nc2c(c(=O)[nH]1)COCC2,Hit
CHEMBL346886,Cc1cccc2c(O)nc(-c3ccc(C(F)(F)F)cc3)nc12,Hit
CHEMBL2419697,O=C(CN1CCC(C(=O)c2ccc(F)cc2)CC1)NCc1nc2c(c(=O)[nH]1)COCC2,Hit
CHEMBL3903965,CCOc1ccc(C(=O)C2CCN(CC(=O)NCc3nc4c(c(=O)[nH]3)COCC4)CC2)cc1,Hit
CHEMBL4864330,O=c1cc(-c2ccc(O)cc2)oc2c(CN3CCN(CC4CCCCC4)CC3)c(O)cc(O)c12,Hit
CHEMBL3593716,CN1CCN(c2nc3c(c(=O)[nH]2)CCCC3)CC1,Hit
CHEMBL3986246,COc1ccc(C(=O)C2CCN(CC(=O)NCc3nc4c(c(=O)[nH]3)COCC4)CC2)cc1,Hit
CHEMBL4854158,O=c1cc(-c2ccc(O)cc2)oc2c(CN3CCN(c4ccc(Cl)cc4)CC3)c(O)cc(O)c12,Hit
CHEMBL4877994,CC(C)CCN1CCN(Cc2c(O)cc(O)c3c(=O)cc(-c4ccc(O)cc4)oc23)CC1,Hit
CHEMBL2425812,O=C(CCc1cccc(Cl)c1Cl)Nc1nnc2n1CCS2,Hit
CHEMBL5200723,CCc1cc2ccc(CN3CCN(c4ccc(C(=O)NC)cc4)CC3)cc2[nH]c1=O,Hit
CHEMBL3918110,COc1ccc(C(=O)C2CCN([C@H]3CCN(Cc4nc5c(c(=O)[nH]4)COCC5)C3=O)CC2)cc1C,Hit
CHEMBL4863900,O=c1cc(-c2ccc(O)cc2)oc2c(CN3CCC(c4ccccc4)CC3)c(O)cc(O)c12,Hit
CHEMBL5193246,Cc1cnc(N2CCN(CCCc3nc4c(Cl)cccc4c(=O)[nH]3)CC2)n1C,Hit
CHEMBL2419889,O=c1[nH]c(-c2ccc(C(F)(F)F)cc2)nc2c1SCCC2,Hit
CHEMBL3593715,O=c1[nH]c(N2CCN(Cc3ccncc3)CC2)nc2c1CCCC2,Hit
CHEMBL5181905,CCc1cc2ccc(CN3CCN(c4ncc(C)n4C)CC3)cc2[nH]c1=O,Hit
CHEMBL3967549,COc1ccc(C(=O)C2CCN(CC(=O)NCc3nc4c(c(=O)[nH]3)COCC4)CC2)cc1C,Hit
CHEMBL4857076,O=C(c1cccc(F)c1F)C1CCN(Cc2c(O)cc(O)c3c(=O)cc(-c4ccc(O)cc4)oc23)CC1,Hit
CHEMBL4786867,COC1CCN(C(=O)c2ccc(-c3ccc4c(Cl)cc(C(N)=O)n4n3)cc2)CC1,Hit
CHEMBL3939009,O=C(CN1CCC(C(=O)c2ccc3c(c2)CCO3)CC1)NCc1nc2c(c(=O)[nH]1)COCC2,Hit
CHEMBL3941919,O=C(c1ccc(Cl)cc1)C1CCN(C2CCN(Cc3nc4c(c(=O)[nH]3)COCC4)C2=O)CC1,Hit
CHEMBL3932754,COc1ccc(C(=O)C2CCN(CC(=O)NCc3nc4c(c(=O)[nH]3)CCC4)CC2)cc1,Hit
CHEMBL18688,Oc1nc(-c2ccc(F)cc2)nc2ccccc12,Hit
CHEMBL2425813,O=C(CCc1ccc(Cl)cc1Cl)Nc1nnc2n1CCS2,Hit
CHEMBL3897483,COc1ccc(C(=O)C2CCN([C@H]3CCN(Cc4nc5c(c(=O)[nH]4)COCC5)C3=O)CC2)cc1,Hit
CHEMBL1836301,O=c1cc(-c2ccc(O)cc2)oc2c(CN3CCC(CO)CC3)c(O)cc(O)c12,Hit
CHEMBL5188853,CCc1nc2ccc(CN3CCN(c4ccc(C(=O)NC)nc4)CC3)cc2[nH]c1=O,Hit
CHEMBL4087876,O=C(c1ccc(Nc2nc3ccccc3n3nnnc23)cc1)N1CCOCC1,Hit
CHEMBL4060134,Cn1cnc(C(=O)N2CCN(C(=O)c3ccc(Nc4nc5ccccc5n5nnnc45)cc3)CC2)c1,Hit
CHEMBL4087470,O=C(c1ccc(Nc2nc3ccccc3n3nnnc23)cc1)N1CCN(c2ncccn2)CC1,Hit
CHEMBL4064332,CC(C)c1ccc(Nc2nc3ccccc3n3nnnc23)cc1,Hit
CHEMBL3897864,COc1ccc(C(=O)C2CCN(C3CCN(CC(=O)Nc4nnc5n4CCS5)C3=O)CC2)cc1,Hit
CHEMBL3929005,COc1ccc(C(=O)C2CCN(C3CCN(Cc4nc5c(c(=O)[nH]4)COCC5)C3=O)CC2)cc1,Hit
CHEMBL4855558,CCOC(=O)C1CCN(Cc2c(O)cc(O)c3c(=O)cc(-c4ccc(O)cc4)oc23)CC1,Hit
CHEMBL5195580,CCc1cc2ccc(CN3CCN(c4cnc(C(=O)NC)cn4)CC3)cc2[nH]c1=O,Hit
CHEMBL3098936,COc1cccc2c(=O)[nH]c(-c3ccc(Cl)cc3)nc12,Hit
CHEMBL3964994,COc1ccc(C(=O)C2CCN([C@@H]3CCN(CC(=O)Nc4nnc5n4CCS5)C3=O)CC2)cc1,Hit
CHEMBL3098939,Cc1cccc2c(=O)[nH]c(-c3ccc(Cl)cc3)nc12,Hit
CHEMBL3606021,NC(=O)c1cc(F)cc2c1C(=O)N(C1CCN(C3CCC(F)(F)CC3)CC1)C2,Hit
CHEMBL5178594,Cc1cnc(N2CCN(Cc3ccc4c5c(c(=O)[nH]c4c3)COCC5)CC2)n1C,Hit
CHEMBL4872760,COC(=O)C1CCN(Cc2c(O)cc(O)c3c(=O)cc(-c4ccc(O)cc4)oc23)CC1,Hit
CHEMBL4098188,O=C(CCc1nc2ccccc2c(=O)[nH]1)Nc1ccc(C(=O)Nc2cccc3cccnc23)cc1,Hit
CHEMBL5202060,CCc1cc2ccc(CN3CCN(c4ccc(C(=O)NC)nn4)CC3)cc2[nH]c1=O,Hit
CHEMBL4875472,O=c1cc(-c2ccc(O)cc2)oc2c(CN3CC=C(c4ccccc4)CC3)c(O)cc(O)c12,Hit
CHEMBL64780,O=c1cc(-c2ccc([N+](=O)[O-])cc2)oc2ccccc12,Hit
CHEMBL4864125,O=c1cc(-c2cccc(-c3c(O)cc(O)c4c(=O)cc(-c5ccc(F)cc5)oc34)c2)oc2cc(O)cc(O)c12,Hit
CHEMBL5197824,Cc1cnc(N2CCN(Cc3ccc4c(c3)[nH]c(=O)c3cccnc34)CC2)n1C,Hit
CHEMBL3961412,COc1ccc(C(=O)C2CCN(CC(=O)N(Cc3nc4c(c(=O)[nH]3)CCCC4)CC3CC3)CC2)cc1,Hit
CHEMBL3956961,O=C(c1ccc(F)cc1)C1CCN(C2CCN(Cc3nc4c(c(=O)[nH]3)COCC4)C2=O)CC1,Hit
CHEMBL2381633,Cc1cc(=O)[nH]c2cc(-c3ccccc3F)ccc12,Hit
CHEMBL2419892,O=c1[nH]c(-c2ccc(C(F)(F)F)cc2)nc2ccccc12,Hit
CHEMBL3828579,O=C(NCc1ccc(-c2nc3ccccc3c(=O)[nH]2)cc1)OCc1ccccc1,Hit
CHEMBL4095003,N#Cc1ccc2c(c1)[nH]c(=O)n2[C@H]1C[C@H](c2nnc(-c3ccncn3)n2-c2ccccc2Cl)C1,Hit
CHEMBL2381958,CC1(C)OC(=O)N(c2ccc(C(=O)Nc3cccc4cccnc34)cc2)[C@H]1c1ccccc1,Hit
CHEMBL4633637,CCOc1ccc(-c2nnc([C@H]3C[C@H](NC(=O)c4ccccn4)C3)n2-c2ccccc2F)nc1,Hit
CHEMBL3238252,Cc1cc(NCCc2ccc(O)cc2)c2nncn2n1,Hit
CHEMBL5090849,CCOc1ccc(-c2nnc([C@H]3C[C@H](NC(=O)c4cccc5nccnc45)C3)n2-c2ccccc2F)nc1,Hit
CHEMBL4111286,COc1ccc(C(=O)C2CCN([C@@H]3CCN(Cc4nc5ccccc(=O)c5[nH]4)C3=O)CC2)cc1,Hit
CHEMBL3929392,O=C(c1ccc(F)cc1)C1CCN([C@H]2CCN(Cc3nc4c(c(=O)[nH]3)COCC4)C2=O)CC1,Hit
CHEMBL63354,O=c1cc(-c2ccc(O)c(-c3c(O)cc(O)c4c(=O)cc(-c5ccc(O)cc5)oc34)c2)oc2cc(O)cc(O)c12,Hit
CHEMBL4864275,O=c1cc(-c2cccc(-c3c(O)cc(O)c4c(=O)cc(-c5ccc(O)cc5)oc34)c2)oc2cc(O)cc(O)c12,Hit
CHEMBL2419716,O=C(CCc1ccccc1)N(Cc1ccsc1)Cc1nc2c(c(=O)[nH]1)COCC2,Hit
CHEMBL3098937,Cc1cccc2c(=O)[nH]c(-c3ccc(Br)cc3)nc12,Hit
CHEMBL3927023,COc1ccc(C(=O)C2CCN(C3CCN(Cc4nc5c(c(=O)[nH]4)CCC5)C3=O)CC2)cc1,Hit
CHEMBL4850879,O=c1cc(-c2cccc(-c3c(O)cc(O)c4c(=O)cc(-c5cccs5)oc34)c2)oc2cc(O)cc(O)c12,Hit
CHEMBL4069447,Cc1cccc2c(=O)[nH]c(CCC(=O)Nc3ccc(C(=O)Nc4cccc5cccnc45)cc3)nc12,Hit
CHEMBL3975140,O=C(c1ccc(OC(F)(F)F)cc1)C1CCN(CC(=O)N(Cc2nc3c(c(=O)[nH]2)COCC3)CC(F)F)CC1,Hit
CHEMBL5208807,CCc1cc2ncc(CN3CCN(c4ccc(C(N)C(F)(F)F)nc4)CC3)cc2[nH]c1=O,Hit
CHEMBL4868946,Cc1ccc(-c2cc(=O)c3c(O)cc(O)c(-c4cccc(-c5cc(=O)c6c(O)cc(O)cc6o5)c4)c3o2)cc1,Hit
CHEMBL4860646,Cc1ccc(-c2cc(=O)c3c(O)cc(O)c(-c4cccc(-c5cc(=O)c6c(O)cc(O)cc6o5)c4)c3o2)cc1C,Hit
CHEMBL4872638,O=c1cc(-c2cccc(-c3c(O)cc(O)c4c(=O)cc(-c5ccco5)oc34)c2)oc2cc(O)cc(O)c12,Hit
CHEMBL5186007,Cc1ccc2c(=O)[nH]c(CSc3ncccn3)nc2c1C,Hit
CHEMBL562310,O=C(Nc1cccc2cccnc12)c1ccc(N2C(=O)[C@@H]3[C@H](C2=O)[C@@H]2C=C[C@H]3C2)cc1,Hit
CHEMBL2425810,O=C(CCc1c(Cl)cccc1Cl)Nc1nnc2n1CCS2,Hit
CHEMBL2419700,O=C(c1ccc(F)cc1)C1CCN(CC(=O)N(Cc2ccccn2)Cc2nc3c(c(=O)[nH]2)COCC3)CC1,Hit
CHEMBL3956490,O=C(c1ccc(F)cc1)C1CCN(CC(=O)N(Cc2nc3c(c(=O)[nH]2)COCC3)Cc2nc3ccccc3s2)CC1,Hit
CHEMBL3955207,O=C(CN1CCC2(CC1)Cc1cc(F)ccc1C2=O)NCc1nc2c(c(=O)[nH]1)COCC2,Hit
CHEMBL2419699,O=C(c1ccc(F)cc1)C1CCN(CC(=O)N(Cc2ccccc2)Cc2nc3c(c(=O)[nH]2)COCC3)CC1,Hit
CHEMBL3892864,O=C(c1ccc(F)cc1)C1CCN(CC(=O)N(Cc2nc3c(c(=O)[nH]2)COCC3)C[C@@H]2CCCO2)CC1,Hit
CHEMBL1552719,COc1ccc(-n2c(SCc3nc(-c4ccc(C)cc4)no3)nnc2-c2ccncc2)cc1,Hit
CHEMBL1898239,COc1ccc(-c2noc(CSc3nnc(C)n3-c3ccc(OC)cc3)n2)cc1,Hit
CHEMBL2419702,CCCN(Cc1nc2c(c(=O)[nH]1)COCC2)C(=O)CN1CCC(C(=O)c2ccc(F)cc2)CC1,Hit
CHEMBL2419706,COc1ccc(C(=O)C2CCN(CC(=O)N(Cc3nc4c(c(=O)[nH]3)COCC4)CC3CC3)CC2)cc1,Hit
CHEMBL2419694,O=C(CCc1cccc(O)c1)N(Cc1nc2c(c(=O)[nH]1)COCC2)Cc1cccs1,Hit
CHEMBL2425790,CC(C)(C)c1ccc(C(=O)Nc2nnc3n2CCCS3)cc1,Hit
CHEMBL3986804,CC(c1cccs1)N(Cc1nc2c(c(=O)[nH]1)COCC2)C(=O)CN1CCC(C(=O)c2ccc(F)cc2)CC1,Hit
CHEMBL4110045,O=C(c1ccc(F)cc1)C1CCN(CC(=O)N(Cc2nc3c(c(=O)[nH]2)COCC3)C[C@H]2CCCO2)CC1,Hit
CHEMBL3938947,COc1ccc(CN(Cc2nc3c(c(=O)[nH]2)COCC3)C(=O)CN2CCC(C(=O)c3ccc(F)cc3)CC2)cc1,Hit
CHEMBL3898270,CC[C@H](C)N(Cc1nc2c(c(=O)[nH]1)COCC2)C(=O)CN1CCC(C(=O)c2ccc(F)cc2)CC1,Hit
CHEMBL3907294,CC(C)N(Cc1nc2c(c(=O)[nH]1)COCC2)C(=O)CN1CCC(C(=O)c2ccc(F)cc2)CC1,Hit
CHEMBL3922251,O=C(c1ccc(F)cc1)C1CCN(CC(=O)N(CCF)Cc2nc3c(c(=O)[nH]2)COCC3)CC1,Hit
CHEMBL3929923,CC(C)(C)CN(Cc1nc2c(c(=O)[nH]1)COCC2)C(=O)CN1CCC(C(=O)c2ccc(F)cc2)CC1,Hit
CHEMBL3937250,O=C(c1ccc(F)cc1)C1CCN(CC(=O)N(Cc2cccc(F)c2)Cc2nc3c(c(=O)[nH]2)COCC3)CC1,Hit
CHEMBL2419712,O=C(CCc1ccccc1)N(Cc1nc2c(c(=O)[nH]1)COCC2)Cc1cccs1,Hit
CHEMBL2419698,O=C(c1ccc(F)cc1)C1CCN(CC(=O)N(Cc2nc3c(c(=O)[nH]2)COCC3)Cc2cccs2)CC1,Hit
CHEMBL3933577,O=C(c1ccc(F)cc1)C1CCN(CC(=O)N(Cc2nc3c(c(=O)[nH]2)COCC3)Cc2ccc(F)cc2F)CC1,Hit
CHEMBL4112739,C[C@H](C1CC1)N(Cc1nc2c(c(=O)[nH]1)COCC2)C(=O)CN1CCC(C(=O)c2ccc(F)cc2)CC1,Hit
CHEMBL3935111,COc1ccc(C(=O)C2CCN(CC(=O)N(Cc3nc4c(c(=O)[nH]3)COCC4)CC(F)F)CC2)cc1,Hit
CHEMBL1867804,COc1ccc(-n2c(C)nnc2SCc2nc(-c3ccc(OC)c(OC)c3)no2)cc1,Hit
CHEMBL3891789,O=C(c1ccc(OC(F)(F)F)cc1)C1CCN(CC(=O)N(Cc2nc3c(c(=O)[nH]2)COCC3)CC2CC2)CC1,Hit
CHEMBL4110589,C[C@H](c1ccccc1)N(Cc1nc2c(c(=O)[nH]1)COCC2)C(=O)CN1CCC(C(=O)c2ccc(F)cc2)CC1,Hit
CHEMBL3945237,COc1ccc(C(=O)C2CCN(C3CCN(Cc4nc5c(cnn5C)c(=O)[nH]4)C3=O)CC2)cc1,Hit
CHEMBL2419705,O=C(c1ccc(F)cc1)C1CCN(CC(=O)N(Cc2nc3c(c(=O)[nH]2)COCC3)CC2CC2)CC1,Hit
CHEMBL2419703,CCN(Cc1nc2c(c(=O)[nH]1)COCC2)C(=O)CN1CCC(C(=O)c2ccc(F)cc2)CC1,Hit
CHEMBL3919581,C[C@@H](c1ccccc1)N(Cc1nc2c(c(=O)[nH]1)COCC2)C(=O)CN1CCC(C(=O)c2ccc(F)cc2)CC1,Hit
CHEMBL1594868,CC(C)(C)c1ccc(C(=O)Nc2nnc3n2CCS3)cc1,Hit
CHEMBL2419701,CC(C)CN(Cc1nc2c(c(=O)[nH]1)COCC2)C(=O)CN1CCC(C(=O)c2ccc(F)cc2)CC1,Hit
CHEMBL3931845,COc1ccc(C(=O)C2CCN(C3CCN(Cc4ncc(C)c(=O)[nH]4)C3=O)CC2)cc1,Hit
CHEMBL4109734,CC[C@@H](C)N(Cc1nc2c(c(=O)[nH]1)COCC2)C(=O)CN1CCC(C(=O)c2ccc(F)cc2)CC1,Hit
CHEMBL3985156,COc1cccc(CN(Cc2nc3c(c(=O)[nH]2)COCC3)C(=O)CN2CCC(C(=O)c3ccc(F)cc3)CC2)c1,Hit
CHEMBL3987175,CC(c1ccc(F)cc1F)N(Cc1nc2c(c(=O)[nH]1)COCC2)C(=O)CN1CCC(C(=O)c2ccc(F)cc2)CC1,Hit
CHEMBL3940683,COCCN(Cc1nc2c(c(=O)[nH]1)COCC2)C(=O)CN1CCC(C(=O)c2ccc(OC)cc2)CC1,Hit
CHEMBL3946798,COc1cccc(C(=O)C2CCN(CC(=O)N(Cc3nc4c(c(=O)[nH]3)COCC4)CC(F)F)CC2)c1,Hit
CHEMBL4113551,C[C@H](c1ccc(F)cc1)N(Cc1nc2c(c(=O)[nH]1)COCC2)C(=O)CN1CCC(C(=O)c2ccc(F)cc2)CC1,Hit
CHEMBL3945618,O=C(c1ccc(F)cc1)C1CCN(CC(=O)N(Cc2nc3c(c(=O)[nH]2)COCC3)Cc2ccccc2F)CC1,Hit
CHEMBL3983088,O=C(c1ccc(F)cc1)C1CCN(CC(=O)N(Cc2nc3c(c(=O)[nH]2)COCC3)CC(F)F)CC1,Hit
CHEMBL3913243,N#Cc1ccc(CN(Cc2nc3c(c(=O)[nH]2)COCC3)C(=O)CN2CCC(C(=O)c3ccc(F)cc3)CC2)s1,Hit
CHEMBL3940284,C[C@@H](C1CC1)N(Cc1nc2c(c(=O)[nH]1)COCC2)C(=O)CN1CCC(C(=O)c2ccc(F)cc2)CC1,Hit
CHEMBL3941313,O=C(c1ccc(F)cc1)C1CCN(CC(=O)N(Cc2nc3c(c(=O)[nH]2)COCC3)CC(F)(F)F)CC1,Hit
CHEMBL3914416,O=C(c1ccc(F)cc1)C1CCN(CC(=O)N(Cc2ccc(F)cc2)Cc2nc3c(c(=O)[nH]2)COCC3)CC1,Hit
CHEMBL3964642,CC[C@H](C)CN(Cc1nc2c(c(=O)[nH]1)COCC2)C(=O)CN1CCC(C(=O)c2ccc(F)cc2)CC1,Hit
CHEMBL3965278,C#CCN(Cc1nc2c(c(=O)[nH]1)COCC2)C(=O)CN1CCC(C(=O)c2ccc(F)cc2)CC1,Hit
CHEMBL3955426,CC#CCOc1ccc(C(=O)C2CCN(CC(=O)N(Cc3nc4c(c(=O)[nH]3)COCC4)CC3CC3)CC2)cc1,Hit
CHEMBL5083566,CC(C)Oc1ccc2c(=O)[nH]c3sccc3c2c1,Hit
CHEMBL5190481,O=c1[nH]c(CCCN2CCN(c3ccc(F)cc3F)CC2)nc2c(Cl)cccc12,Hit
A001_B014,CCCCC(N[C@@H](CNC(CC(C(N1)=O)NC1=O)=O)C(NC)=O)=O,Miss
A009_B214,Cc(ccc(C(NC[C@@H](C(NC)=O)NC(CC1CCCCCC1)=O)=O)c1)c1N(CCN1)C1=O,Miss
A015_B198,CNC([C@H](CNC(c(cc1)cc(NC2=O)c1NC2=O)=O)NC(C1C(CC2)CC2C1)=O)=O,Miss
A126_B244,CC(C1=C(N2)N(C)NC1=O)=C(CCC(NC[C@@H](C(NC)=O)NC(c1cc(cc(cc3)OC)c3[o]1)=O)=O)C2=O,Miss
A035_B077,CNC([C@H](CNC(C1=CC(CCCCC2)=C2NC1=O)=O)NC(CC(C1)c(cc(cc2)OC)c2C1=O)=O)=O,Miss
A053_B020,Cc1cc(C(NC[C@@H](C(NC)=O)NC(CNC(c2ccccc2)=O)=O)=O)c(C(NN2C)=O)c2n1,Miss
A066_B174,CNC([C@H](CNC(C(N1)=CNC1=O)=O)NC(Cc(ccc(Cl)c1)c1F)=O)=O,Miss
A073_B327,CC(c(cc1)ccc1C(N[C@@H](CNC(c(cc1)ccc1C(NC1CC1)=O)=O)C(NC)=O)=O)=O,Miss
A150_B019,Cc1cc(C)c(CCC(N[C@@H](CNC(c(cc2C(N3)=O)cnc2N(Cc2ccccc2)C3=O)=O)C(NC)=O)=O)cc1,Miss
A129_B366,CC(C)Cc1ccc(C(C)C(N[C@@H](CNC(CN(CCCN2)C2=O)=O)C(NC)=O)=O)cc1,Miss
A082_B257,CNC([C@H](CNC(CCC1=Nc(cccc2)c2NC1=O)=O)NC(c1n[nH]c(-c(cc2)ccc2OC)c1)=O)=O,Miss
A002_B229,CC(C(N1)=O)=CN(CC(NC[C@@H](C(NC)=O)NC(c2ccc(C[n]3nnnc3)cc2)=O)=O)C1=O,Miss
A016_B088,CNC([C@H](CNC(C1(CC1)C(N)=O)=O)NC(Cc1cccc(C(F)(F)F)c1)=O)=O,Miss
A062_B136,CNC([C@H](CNC(COc(cc1)cc(CC2)c1NC2=O)=O)NC(CCc(cc1)ccc1OC)=O)=O,Miss
A110_B204,CNC([C@H](CNC(C(CC1)CCN1S(c1c[n](C)c(C(N)=O)c1)(=O)=O)=O)NC(c1cc(cc(cc2)OC)c2[nH]1)=O)=O,Miss
A098_B323,Cc(cccc1)c1C(N[C@@H](CNC(C(CCC1)CN1C(N)=O)=O)C(NC)=O)=O,Miss
A149_B339,CNC([C@H](CNC(c1nc(C(N)=O)ccc1)=O)NC(C(C(N1C)=O)=CNC1=O)=O)=O,Miss
A013_B202,CNC([C@H](CNC(c1cc(NC(C2CCCC2)=O)ccc1)=O)NC(c(cc1)cc2c1[nH]cc2)=O)=O,Miss
A079_B151,CNC([C@H](CNC(CN1Nc(cccc2)c2C1=O)=O)NC(CCC(c(cc1)cc(F)c1OC)=O)=O)=O,Miss
A128_B034,CNC([C@H](CNC(c([o]1)ccc1S(N)(=O)=O)=O)NC(Cc(cccc1)c1OC)=O)=O,Miss
A082_B137,Cc(cc(CC(N[C@@H](CNC(CCC1=Nc(cccc2)c2NC1=O)=O)C(NC)=O)=O)cc1)c1OC,Miss
A079_B099,CNC([C@H](CNC(CN1Nc(cccc2)c2C1=O)=O)NC(Cc(cc(cc1)[N+]([O-])=O)c1F)=O)=O,Miss
A136_B154,CNC([C@H](CNC(c(cc1)ccc1N(CCN1)C1=O)=O)NC(CCOc1ccc(CO)cc1)=O)=O,Miss
A117_B282,CNC([C@H](CNC(c1ccc(C(NC(N2C)=O)=O)c2n1)=O)NC(c1cc(OC)cc(OC)c1)=O)=O,Miss
A067_B226,CNC([C@H](CNC(c1cccc(S(N)(=O)=O)c1)=O)NC(C(CC1)CCN1C(c1cc(OC)cc(OC)c1)=O)=O)=O,Miss
A131_B266,CNC([C@H](CNC(COc1cccc(C(N)=O)c1)=O)NC(c1c[o]cc1)=O)=O,Miss
A037_B127,CCOc1ccc(CCC(N[C@@H](CNC(c2cccc(N(CCCN3)C3=O)c2)=O)C(NC)=O)=O)cc1,Miss
A110_B093,CNC([C@H](CNC(C(CC1)CCN1S(c1c[n](C)c(C(N)=O)c1)(=O)=O)=O)NC(COc(ccc(Cl)c1)c1Cl)=O)=O,Miss
A147_B144,CNC([C@H](CNC(c1c[o]c(C(N)=O)c1)=O)NC(Cc(cc1)ccc1OCc1ccccc1)=O)=O,Miss
A089_B126,CNC([C@H](CNC(CN(c(cccc1)c1N1)C1=O)=O)NC(Cc(cc1OC)cc(OC)c1OC)=O)=O,Miss
A153_B220,CNC([C@H](CNC(CC(c1c2cccc1)=NNC2=O)=O)NC(c1c[n](cc[s]2)c2n1)=O)=O,Miss
A058_B200,CC(N=C(c1ccncc1)N1)=C(CC(NC[C@@H](C(NC)=O)NC(c2nccc3ccccc23)=O)=O)C1=O,Miss
A090_B333,CC(C(N1CC(NC[C@@H](C(NC)=O)NC(c(cc2)ccc2I)=O)=O)=O)(c2ccc(C)cc2)NC1=O,Miss
A104_B252,CNC([C@H](CNC(c1cc(C(N)=O)ccc1)=O)NC(c1cc(-c(cccc2)c2O)n[nH]1)=O)=O,Miss
A124_B060,CNC([C@H](CNC(c(cc1)cc(CCC2)c1NC2=O)=O)NC(Cc(ccc(F)c1)c1Cl)=O)=O,Miss
A095_B319,CNC([C@H](CNC(CC1Sc(ccc(Cl)c2)c2NC1=O)=O)NC(C1(CCC1)c1ccccc1)=O)=O,Miss
A095_B282,CNC([C@H](CNC(CC1Sc(ccc(Cl)c2)c2NC1=O)=O)NC(c1cc(OC)cc(OC)c1)=O)=O,Miss
A005_B227,CC(C)Oc(cc1)cc(O2)c1C=C(C(N[C@@H](CNC(CCC(C(N1)=O)NC1=O)=O)C(NC)=O)=O)C2=O,Miss
A088_B289,CNC([C@H](CNC(c(cc1)cc(C2)c1NC2=O)=O)NC(c1cc2ccccc2cc1)=O)=O,Miss
A134_B348,CC(C(NC[C@@H](C(NC)=O)NC(c1ccc(CN(C(CN2)=O)C2=O)cc1)=O)=O)SC(N1)=NC(C)=CC1=O,Miss
A035_B259,CNC([C@H](CNC(C1=CC(CCCCC2)=C2NC1=O)=O)NC(CCCc1nc(-c2ccncc2)n[o]1)=O)=O,Miss
A121_B246,CC(NC(N1CCOCC1)=N1)=C(CCC(NC[C@@H](C(NC)=O)NC(c2c[n](-c3cc(OC)ccc3)nc2)=O)=O)C1=O,Miss
A126_B081,CC(C1=C(N2)N(C)NC1=O)=C(CCC(NC[C@@H](C(NC)=O)NC(Cc(cc1)cc(F)c1F)=O)=O)C2=O,Miss
A027_B343,CC(N=C(N1)N2CCCC2)=C(CC(NC[C@@H](C(NC)=O)NC(CCc2nc(-c3ccccc3)c(-c3ccccc3)[o]2)=O)=O)C1=O,Miss
A032_B007,CNC([C@H](CNC(c1c(C(NC(N2C)=O)=O)c2nc(-c(cc2)cc3c2OCO3)c1)=O)NC(CC1CCCCC1)=O)=O,Miss
A036_B214,CNC([C@H](CNC(CNc(cc1)ccc1C(N)=O)=O)NC(CC1CCCCCC1)=O)=O,Miss
A120_B148,CNC([C@H](CNC(c1c(C(NC(N2C)=O)=O)c2nc(C2CC2)c1)=O)NC(CCc1ccc[s]1)=O)=O,Miss
A081_B340,CNC([C@H](CNC(c1cc(NC(N)=O)ccc1)=O)NC(CN(C=Nc1c2cccc1)C2=O)=O)=O,Miss
A116_B304,CC(C)CN(c1nc(C2CC2)cc(C(NC[C@@H](C(NC)=O)NC(c(ccc(OC)c2OC)c2OC)=O)=O)c1C(N1)=O)C1=O,Miss
A065_B024,Cc1ccc(CC(N[C@@H](CNC(CCC(N2)=Nc([s]c3c4CCC3)c4C2=O)=O)C(NC)=O)=O)cc1,Miss
A057_B218,Cc1c(C(N[C@@H](CNC(C(CC2)CCN2C(N2)=NC(C)=CC2=O)=O)C(NC)=O)=O)[o]c2c1ccc(C)c2,Miss
A054_B247,CNC([C@H](CNC(c(cc1)ccc1Sc1ncccc1C(N)=O)=O)NC(C(C1)CN(Cc2cnccc2)C1=O)=O)=O,Miss
A038_B118,Cc(cc(C(NC[C@@H](C(NC)=O)NC(Cc1cc(OC)ccc1)=O)=O)nc1NN2)c1C2=O,Miss
A059_B067,CNC([C@H](CNC(CC1=Cc(cccc2)c2NC1=O)=O)NC(COc1ccccc1)=O)=O,Miss
A083_B016,CCOCCC(N[C@@H](CNC(c1c(C)c(C(NC=N2)=O)c2[s]1)=O)C(NC)=O)=O,Miss
A073_B267,Cc1ccc(C(N[C@@H](CNC(c(cc2)ccc2C(NC2CC2)=O)=O)C(NC)=O)=O)[s]1,Miss
A062_B334,CNC([C@H](CNC(COc(cc1)cc(CC2)c1NC2=O)=O)NC(Cc1cccc([N+]([O-])=O)c1)=O)=O,Miss
A098_B168,Cc(cc(cc1)Cl)c1OCC(N[C@@H](CNC(C(CCC1)CN1C(N)=O)=O)C(NC)=O)=O,Miss
A061_B279,CNC([C@H](CNC(c(cc1C(N2)=O)cnc1N(C1CC1)C2=O)=O)NC(c(cc1)cc(O2)c1OC2(F)F)=O)=O,Miss
A127_B340,CNC([C@H](CNC(CN(C=C(C(N)=O)C(N1)=O)C1=O)=O)NC(CN(C=Nc1c2cccc1)C2=O)=O)=O,Miss
A048_B345,CNC([C@H](CNC(c(cc1)ncc1C(N)=O)=O)NC(CCC(N(C1)c(cccc2)c2NC1=O)=O)=O)=O,Miss
A044_B236,CNC([C@H](CNC(COCC(N1)=Nc(cccc2)c2C1=O)=O)NC(C(C1)C1c1ccccc1)=O)=O,Miss
A064_B022,Cc([s]c(C(NC[C@@H](C(NC)=O)NC(Cc1c(C)ccc(C)c1)=O)=O)c1)c1S(N)(=O)=O,Miss
A079_B117,CCOc1ccc(CC(N[C@@H](CNC(CN2Nc(cccc3)c3C2=O)=O)C(NC)=O)=O)cc1,Miss
A016_B019,Cc1cc(C)c(CCC(N[C@@H](CNC(C2(CC2)C(N)=O)=O)C(NC)=O)=O)cc1,Miss
A091_B108,CNC([C@H](CNC(Cc([s]1)ccc1S(N)(=O)=O)=O)NC(Cc(cccc1F)c1F)=O)=O,Miss
A154_B115,CNC([C@H](CNC(c(cc1)cc(N=CN2)c1C2=O)=O)NC(Cc1c[o]c2c1cccc2)=O)=O,Miss
A031_B224,Cc1c(C)nc(cc(cc2)C(N[C@@H](CNC(c(cc3)cc(N4)c3N(C3CCCC3)C4=O)=O)C(NC)=O)=O)c2n1,Miss
A003_B134,CNC([C@H](CNC(CCC(Nc(cc1)ccc1S(N)(=O)=O)=O)=O)NC(CCc(cccc1)c1OC)=O)=O,Miss
A083_B149,Cc1c(C(NC[C@@H](C(NC)=O)NC(Cc2c[s]cc2)=O)=O)[s]c(N=CN2)c1C2=O,Miss
A123_B159,CC(C)N(C(c(ccc(C(NC[C@@H](C(NC)=O)NC(CCc(ccc(Cl)c1)c1Cl)=O)=O)c1)c1N1)=O)C1=O,Miss
A102_B090,CNC([C@H](CNS(c(cc1)cc(NC2=O)c1NC2=O)(=O)=O)NC(Cc1cc(F)ccc1)=O)=O,Miss
A157_B136,CCC(CC1)Cc2c1c(C(NC(c(cc1)ccc1C(NC[C@@H](C(NC)=O)NC(CCc(cc1)ccc1OC)=O)=O)=N1)=O)c1[s]2,Miss
A109_B366,CC(C)Cc1ccc(C(C)C(N[C@@H](CNC(c2cc(-c3ccc[o]3)nc3c(C(N)=O)nc[n]23)=O)C(NC)=O)=O)cc1,Miss
A149_B147,CNC([C@H](CNC(c1nc(C(N)=O)ccc1)=O)NC(COc1cc2ccccc2cc1)=O)=O,Miss
A002_B368,CC(C(N1)=O)=CN(CC(NC[C@@H](C(NC)=O)NC(CCc2cc(Cl)cc(Cl)c2)=O)=O)C1=O,Miss
A131_B357,CNC([C@H](CNC(COc1cc(C(N)=O)ccc1)=O)NC(c(cc1)cc(CC2)c1NC2=O)=O)=O,Miss
A151_B051,CNC([C@H](CNC(c(cc1)cc(N2)c1N(C)C2=O)=O)NC(CCc(cc1)cc2c1OCC2)=O)=O,Miss
A046_B263,CNC([C@H](CNC(c(cc1)cc(N2)c1NCC2=O)=O)NC(c1ccc[o]1)=O)=O,Miss
A134_B166,CC(C(NC[C@@H](C(NC)=O)NC(CCc(cc1)cc(Cl)c1Cl)=O)=O)SC(N1)=NC(C)=CC1=O,Miss
A026_B112,CNC([C@H](CNC(CCc1nc(N(C)C(NC2=O)=O)c2[nH]1)=O)NC(Cc1c[s]c2c1cccc2)=O)=O,Miss
A044_B148,CNC([C@H](CNC(COCC(N1)=Nc(cccc2)c2C1=O)=O)NC(CCc1ccc[s]1)=O)=O,Miss
A022_B142,Cc(cc(cc1)C(NC[C@@H](C(NC)=O)NC(CNC(c2ccc[o]2)=O)=O)=O)c1N(CCN1)C1=O,Miss
A148_B312,Cc(cc1nc2)n[n]1c(C)c2C(N[C@@H](CNC(C1OCCN(CC(N2)=Nc(cccc3)c3C2=O)C1)=O)C(NC)=O)=O,Miss
A011_B322,Cc1cccc(C(N[C@@H](CNC(CCN(c(cccc2)c2C(N2)=O)C2=O)=O)C(NC)=O)=O)c1,Miss
A028_B194,CNC([C@H](CNC(c(cc1)cnc1C(N)=O)=O)NC(c1nc2ccccc2c(OC)c1)=O)=O,Miss
A002_B273,CC(C(N1)=O)=CN(CC(NC[C@@H](C(NC)=O)NC(c2cccnc2SC)=O)=O)C1=O,Miss
A129_B197,Cc1ccc(cc(cc2)C(N[C@@H](CNC(CN(CCCN3)C3=O)=O)C(NC)=O)=O)c2n1,Miss
A060_B266,Cc([n](C(C=C1)=NNC1=O)nc1)c1C(NC[C@@H](C(NC)=O)NC(c1c[o]cc1)=O)=O,Miss
A130_B367,CNC([C@H](CNC(c1c(C(NN2C)=O)c2nc(C2CC2)c1)=O)NC(c(cccc1)c1I)=O)=O,Miss
A009_B284,Cc(ccc(C(NC[C@@H](C(NC)=O)NC(c(cc1OC)cc(OC)c1OC)=O)=O)c1)c1N(CCN1)C1=O,Miss
A056_B365,CNC([C@H](CNS(c(cc1)cc(N2)c1NC2=O)(=O)=O)NC(c([o]1)ccc1Br)=O)=O,Miss
A047_B222,CCC(CC1)CCC1C(N[C@@H](CNC(c(cc1)ccc1Oc(cc1)ccc1C(N)=O)=O)C(NC)=O)=O,Miss
A028_B068,CNC([C@H](CNC(c(cc1)cnc1C(N)=O)=O)NC(CC1(CC(C2)C3)CC3CC2C1)=O)=O,Miss
A063_B248,CC(N1)=C(C)N=C(C(NC[C@@H](C(NC)=O)NC(C(C2)COc3c2cccc3OC)=O)=O)C1=O,Miss
A006_B054,CNC([C@H](CNC(CCN(C=CC(N1)=O)C1=O)=O)NC(COc(cccc1)c1OC)=O)=O,Miss
A002_B159,CC(C(N1)=O)=CN(CC(NC[C@@H](C(NC)=O)NC(CCc(ccc(Cl)c2)c2Cl)=O)=O)C1=O,Miss
A062_B250,CNC([C@H](CNC(COc(cc1)cc(CC2)c1NC2=O)=O)NC(c(cc1)ccc1NC(C1CC=CCC1)=O)=O)=O,Miss
A158_B268,Cc1n[n](C=C(C(NC[C@@H](C(NC)=O)NC(c2c(C)nc(C)[s]2)=O)=O)C(N2)=O)c2c1,Miss
A085_B307,CNC([C@H](CNC(C(N1)=Cc(cccc2)c2C1=O)=O)NC(C(C1C(N(Cc2ncccc2)C2)=O)C3OC12C=C3)=O)=O,Miss
A029_B240,CNC([C@H](CNC(c(cc1C(N)=O)n[n]1-c1ccccc1)=O)NC(C(C1)C(c2cnccc2)N(C)C1=O)=O)=O,Miss
A006_B216,CNC([C@H](CNC(CCN(C=CC(N1)=O)C1=O)=O)NC(c1n[nH]c(C2CC2)c1)=O)=O,Miss
A087_B127,CCOc1ccc(CCC(N[C@@H](CNC(C(CC2)CCN2S(c(cc2)ccc2C(N)=O)(=O)=O)=O)C(NC)=O)=O)cc1,Miss
A048_B231,CC(C)(C(N1CC(N[C@@H](CNC(c(cc2)ncc2C(N)=O)=O)C(NC)=O)=O)=O)NC1=O,Miss
A082_B141,CNC([C@H](CNC(CCC1=Nc(cccc2)c2NC1=O)=O)NC(CCc1ncc(-c(cc2)ccc2Cl)[o]1)=O)=O,Miss
A113_B240,CNC([C@H](CNC(C1=CC(C(CCC2)=O)=C2NC1=O)=O)NC(C(C1)C(c2cnccc2)N(C)C1=O)=O)=O,Miss
A114_B276,CC(C)Oc(cc1)ccc1C(N[C@@H](CNC(C(CC1)CCN1C(N)=O)=O)C(NC)=O)=O,Miss
A135_B262,CC(C)C(C(NC[C@@H](C(NC)=O)NC(C(CC1)CCN1C(N(C)C)=O)=O)=O)N(CCCN1)C1=O,Miss
A059_B243,CNC([C@H](CNC(CC1=Cc(cccc2)c2NC1=O)=O)NC(c1cc(cc(cc2)Br)c2[nH]1)=O)=O,Miss
A053_B129,Cc1cc(C(NC[C@@H](C(NC)=O)NC(Cc2cc(OC)cc(OC)c2)=O)=O)c(C(NN2C)=O)c2n1,Miss
A090_B305,CC(C(N1CC(NC[C@@H](C(NC)=O)NC(c2cc(-c3ccc(C)[o]3)n[nH]2)=O)=O)=O)(c2ccc(C)cc2)NC1=O,Miss
A025_B131,Cc(cc1)ccc1C(CCC(N[C@@H](CNC(C[n]1ncc(S(N)(=O)=O)c1)=O)C(NC)=O)=O)=O,Miss
A090_B319,CC(C(N1CC(NC[C@@H](C(NC)=O)NC(C2(CCC2)c2ccccc2)=O)=O)=O)(c2ccc(C)cc2)NC1=O,Miss
A058_B060,CC(N=C(c1ccncc1)N1)=C(CC(NC[C@@H](C(NC)=O)NC(Cc(ccc(F)c2)c2Cl)=O)=O)C1=O,Miss
A056_B046,CNC([C@H](CNS(c(cc1)cc(N2)c1NC2=O)(=O)=O)NC(Cc1ccc(CO)cc1)=O)=O,Miss
A072_B071,CNC([C@H](CNC(c(cc1)ccc1C(Nc1ccccc1)=O)=O)NC(Cc(c(C(F)(F)F)ccc1)c1F)=O)=O,Miss
A099_B181,Cc1c(C)[n](CCC(N[C@@H](CNC(CN(C=CC(N2)=O)C2=O)=O)C(NC)=O)=O)nc1C,Miss
A071_B147,CC(C)(C1)CC(NC(C(C(NC[C@@H](C(NC)=O)NC(COc2cc3ccccc3cc2)=O)=O)=C2)=O)=C2C1=O,Miss
A149_B249,CC(c1c(C)[n](CC(N[C@@H](CNC(c2nc(C(N)=O)ccc2)=O)C(NC)=O)=O)nc1C)=O,Miss
A106_B161,CCN(C(c(ccc(C(NC[C@@H](C(NC)=O)NC(CCC(c1cc(F)cc(F)c1)=O)=O)=O)c1)c1N1)=O)C1=O,Miss
A009_B183,Cc([n](CC(N[C@@H](CNC(c1cc(N(CCN2)C2=O)c(C)cc1)=O)C(NC)=O)=O)nc1[N+]([O-])=O)c1Cl,Miss
A127_B130,CNC([C@H](CNC(CN(C=C(C(N)=O)C(N1)=O)C1=O)=O)NC(CCc1nc(-c(cccc2)c2F)n[o]1)=O)=O,Miss
A095_B303,Cc(cc1)nc(O)c1C(N[C@@H](CNC(CC1Sc(ccc(Cl)c2)c2NC1=O)=O)C(NC)=O)=O,Miss
A086_B040,Cc(cccc1)c1C(NCC(N[C@@H](CNC(COc1ccc(CC(N)=O)cc1)=O)C(NC)=O)=O)=O,Miss
A097_B223,CNC([C@H](CNC(c(cc1C(N2)=O)cnc1N(C)C2=O)=O)NC(C(CC1)CCC1=O)=O)=O,Miss
A150_B171,CNC([C@H](CNC(c(cc1C(N2)=O)cnc1N(Cc1ccccc1)C2=O)=O)NC(CCN1c(cc(cc2)Cl)c2OCC1=O)=O)=O,Miss
A054_B244,CNC([C@H](CNC(c(cc1)ccc1Sc1ncccc1C(N)=O)=O)NC(c1cc(cc(cc2)OC)c2[o]1)=O)=O,Miss
A136_B301,CC[n]1nc(C)cc1C(N[C@@H](CNC(c(cc1)ccc1N(CCN1)C1=O)=O)C(NC)=O)=O,Miss
A076_B035,CNC([C@H](CNC(C(NC(NC1=O)=O)=C1OC)=O)NC(CCc(cc(cc1)OC)c1OC)=O)=O,Miss
A034_B334,CNC([C@H](CNC(CCN(C=CNC1=O)C1=O)=O)NC(Cc1cccc([N+]([O-])=O)c1)=O)=O,Miss
A054_B109,CC(N[C@@H](CNC(c(cc1)ccc1Sc1ncccc1C(N)=O)=O)C(NC)=O)=O,Miss
A123_B029,CC(C)N(C(c(ccc(C(NC[C@@H](C(NC)=O)NC(CCOc1ccccc1)=O)=O)c1)c1N1)=O)C1=O,Miss
A112_B173,CNC([C@H](CNC(c(cc1)ccc1NS(c(cc1)cc(N2)c1NC2=O)(=O)=O)=O)NC(CCC#C)=O)=O,Miss
A135_B062,CC(C)C(C(NC[C@@H](C(NC)=O)NC(Cc(ccc(OC)c1)c1F)=O)=O)N(CCCN1)C1=O,Miss
A060_B252,Cc([n](C(C=C1)=NNC1=O)nc1)c1C(NC[C@@H](C(NC)=O)NC(c1cc(-c(cccc2)c2O)n[nH]1)=O)=O,Miss
A047_B331,CC(N(CC(C1)O)C1C(N[C@@H](CNC(c(cc1)ccc1Oc(cc1)ccc1C(N)=O)=O)C(NC)=O)=O)=O,Miss
A002_B080,CC(C(N1)=O)=CN(CC(NC[C@@H](C(NC)=O)NC(Cc(cc(cc2)Br)c2OC)=O)=O)C1=O,Miss
A035_B146,CNC([C@H](CNC(C1=CC(CCCCC2)=C2NC1=O)=O)NC(Cc1cc2ccccc2cc1)=O)=O,Miss
A046_B342,CCCCN(c1c(C(N2)=O)[n](CC(C)C)c(CCC(N[C@@H](CNC(c(cc3)cc(N4)c3NCC4=O)=O)C(NC)=O)=O)n1)C2=O,Miss
A118_B199,CNC([C@H](CNC(c1c(C(NC(N2C)=O)=O)c2nc(-c2ccccc2)c1)=O)NC(c1cccc2cnccc12)=O)=O,Miss
A052_B040,CCN(c(ccc(C(NC[C@@H](C(NC)=O)NC(CNC(c1c(C)cccc1)=O)=O)=O)c1)c1NC1=O)C1=O,Miss
A059_B293,CNC([C@H](CNC(CC1=Cc(cccc2)c2NC1=O)=O)NC(c1nccnc1)=O)=O,Miss
A139_B021,Cc1c(C(NC[C@@H](C(NC)=O)NC(CC2C(CC3)CC3C2)=O)=O)c(C(NC=N2)=O)c2[o]1,Miss
A071_B004,CC(C)CCC(N[C@@H](CNC(C1=CC(C(CC(C)(C)C2)=O)=C2NC1=O)=O)C(NC)=O)=O,Miss
A134_B215,CC(C(NC[C@@H](C(NC)=O)NC(CCNC(NC1(CC(C2)C3)CC3CC2C1)=O)=O)=O)SC(N1)=NC(C)=CC1=O,Miss
A085_B030,CNC([C@H](CNC(C(N1)=Cc(cccc2)c2C1=O)=O)NC(CN(C)C(c1ccccc1)=O)=O)=O,Miss
A033_B170,CNC([C@H](CNC(CN(C1)c(cccc2)c2NC1=O)=O)NC(CC1C=CCC1)=O)=O,Miss
A090_B200,CC(C(N1CC(NC[C@@H](C(NC)=O)NC(c2nccc3ccccc23)=O)=O)=O)(c2ccc(C)cc2)NC1=O,Miss
A034_B139,CNC([C@H](CNC(CCN(C=CNC1=O)C1=O)=O)NC(CCc1ncc(-c2ccccc2)[o]1)=O)=O,Miss
A055_B013,CC(CCC(N[C@@H](CNC(c(cc1)cc(N=C(CN2CCOCC2)N2)c1C2=O)=O)C(NC)=O)=O)=O,Miss
A084_B224,Cc1c(C)nc(cc(cc2)C(N[C@@H](CNC(c(cc3)ccc3NC(N)=O)=O)C(NC)=O)=O)c2n1,Miss
A089_B326,CC(C)C(C(N[C@@H](CNC(CN(c(cccc1)c1N1)C1=O)=O)C(NC)=O)=O)O,Miss
A118_B027,Cc(cc1)ccc1S(NCC(N[C@@H](CNC(c1c(C(NC(N2C)=O)=O)c2nc(-c2ccccc2)c1)=O)C(NC)=O)=O)(=O)=O,Miss
A080_B065,CC(C(CCCCCC(N[C@@H](CNC(CC1Sc(ccc(C(F)(F)F)c2)c2NC1=O)=O)C(NC)=O)=O)N1)NC1=O,Miss
A031_B018,CC(C)c1ccc(CCC(N[C@@H](CNC(c(cc2)cc(N3)c2N(C2CCCC2)C3=O)=O)C(NC)=O)=O)cc1,Miss
A082_B356,CNC([C@H](CNC(CCC1=Nc(cccc2)c2NC1=O)=O)NC(C(C1)c(cccc2)c2C1=O)=O)=O,Miss
A139_B110,Cc1c(C(NC[C@@H](C(NC)=O)NC(CCNC(N)=O)=O)=O)c(C(NC=N2)=O)c2[o]1,Miss
A114_B363,CNC([C@H](CNC(C(CC1)CCN1C(N)=O)=O)NC(c(cc1)ccc1C#N)=O)=O,Miss
A134_B083,CC(C(NC[C@@H](C(NC)=O)NC(CCN(c(cccc1)c1O1)C1=O)=O)=O)SC(N1)=NC(C)=CC1=O,Miss
A070_B171,CCC1N(C(CCN2c(cc(cc3)Cl)c3OCC2=O)=O)c(ccc(C(NC[C@@H](C(NC)=O)N)=O)c2)c2NC1=O,Miss
A150_B188,CNC([C@H](CNC(c(cc1C(N2)=O)cnc1N(Cc1ccccc1)C2=O)=O)NC(CCC(N(C)C1CCCCC1)=O)=O)=O,Miss
A146_B269,Cc1cccnc1C(N[C@@H](CNC(c1ccc(C(N)=O)[o]1)=O)C(NC)=O)=O,Miss
A128_B147,CNC([C@H](CNC(c([o]1)ccc1S(N)(=O)=O)=O)NC(COc1cc2ccccc2cc1)=O)=O,Miss
A001_B261,CNC([C@H](CNC(CC(C(N1)=O)NC1=O)=O)NC(c1cc(NC(C2CCCC2)=O)ccc1)=O)=O,Miss
A095_B112,CNC([C@H](CNC(CC1Sc(ccc(Cl)c2)c2NC1=O)=O)NC(Cc1c[s]c2c1cccc2)=O)=O,Miss
A052_B272,CCN(c(ccc(C(NC[C@@H](C(NC)=O)NC(c1cnc(C)cc1)=O)=O)c1)c1NC1=O)C1=O,Miss
A082_B171,CNC([C@H](CNC(CCC1=Nc(cccc2)c2NC1=O)=O)NC(CCN1c(cc(cc2)Cl)c2OCC1=O)=O)=O,Miss
A091_B099,CNC([C@H](CNC(Cc([s]1)ccc1S(N)(=O)=O)=O)NC(Cc(cc(cc1)[N+]([O-])=O)c1F)=O)=O,Miss
A034_B328,CNC([C@H](CNC(CCN(C=CNC1=O)C1=O)=O)NC(CCC(c(cc1)cc(OC)c1OC)=O)=O)=O,Miss
A127_B091,CNC([C@H](CNC(CN(C=C(C(N)=O)C(N1)=O)C1=O)=O)NC(Cc1cc(F)cc(F)c1)=O)=O,Miss
A088_B174,CNC([C@H](CNC(c(cc1)cc(C2)c1NC2=O)=O)NC(Cc(ccc(Cl)c1)c1F)=O)=O,Miss
A121_B203,CC(NC(N1CCOCC1)=N1)=C(CCC(NC[C@@H](C(NC)=O)NC(c2cc([nH]cc3)c3cc2)=O)=O)C1=O,Miss
A033_B334,CNC([C@H](CNC(CN(C1)c(cccc2)c2NC1=O)=O)NC(Cc1cccc([N+]([O-])=O)c1)=O)=O,Miss
A092_B151,CNC([C@H](CNC(C(N1)=CC=CC1=O)=O)NC(CCC(c(cc1)cc(F)c1OC)=O)=O)=O,Miss
A071_B251,CC(C)c1nc(C)c(C(N[C@@H](CNC(C2=CC(C(CC(C)(C)C3)=O)=C3NC2=O)=O)C(NC)=O)=O)[s]1,Miss
A148_B320,CC1(CC1)C(N[C@@H](CNC(C1OCCN(CC(N2)=Nc(cccc3)c3C2=O)C1)=O)C(NC)=O)=O,Miss
A035_B234,CNC([C@H](CNC(C1=CC(CCCCC2)=C2NC1=O)=O)NC(C(CC(C1)C2)(CC1C1)CC21[n]1ncnc1)=O)=O,Miss
A128_B123,CNC([C@H](CNC(c([o]1)ccc1S(N)(=O)=O)=O)NC(Cc1c[n](C)c2c1cccc2)=O)=O,Miss
A087_B146,CNC([C@H](CNC(C(CC1)CCN1S(c(cc1)ccc1C(N)=O)(=O)=O)=O)NC(Cc1cc2ccccc2cc1)=O)=O,Miss
A053_B146,Cc1cc(C(NC[C@@H](C(NC)=O)NC(Cc2cc3ccccc3cc2)=O)=O)c(C(NN2C)=O)c2n1,Miss
A096_B274,CNC([C@H](CNC(CN(C(c1c2cccc1)=O)NC2=O)=O)NC(c(cccn1)c1Oc1ccccc1)=O)=O,Miss
A064_B033,Cc([s]c(C(NC[C@@H](C(NC)=O)NC(Cc(cc1)ccc1N(C)C)=O)=O)c1)c1S(N)(=O)=O,Miss
A004_B131,Cc(cc1)ccc1C(CCC(N[C@@H](CNC(CC1Oc(cccc2)c2NC1=O)=O)C(NC)=O)=O)=O,Miss
A070_B220,CCC1N(C(c2c[n](cc[s]3)c3n2)=O)c(ccc(C(NC[C@@H](C(NC)=O)N)=O)c2)c2NC1=O,Miss
A075_B264,CNC([C@H](CNC(C(NC(N1)=O)=CC1=O)=O)NC(c1ccc(C#Cc2ccccc2)[o]1)=O)=O,Miss
A108_B208,CNC([C@H](CNC(CCN(c(cccc1)c1C(N1)=O)C1=O)=O)NC(c1n[n](C)c2c1cccc2)=O)=O,Miss
A078_B046,CNC([C@H](CNC(C(c1c2cccc1)=CNC2=O)=O)NC(Cc1ccc(CO)cc1)=O)=O,Miss
A050_B273,CNC([C@H](CNC(c(cc1)cc(N2)c1N(C)CC2=O)=O)NC(c1cccnc1SC)=O)=O,Miss
A070_B276,CCC1N(C(c(cc2)ccc2OC(C)C)=O)c(ccc(C(NC[C@@H](C(NC)=O)N)=O)c2)c2NC1=O,Miss
A091_B357,CNC([C@H](CNC(Cc([s]1)ccc1S(N)(=O)=O)=O)NC(c(cc1)cc(CC2)c1NC2=O)=O)=O,Miss
A028_B059,CNC([C@H](CNC(c(cc1)cnc1C(N)=O)=O)NC(Cc(c(F)ccc1)c1Cl)=O)=O,Miss
A103_B254,CNC([C@H](CNC(CN(C(c(cccc1)c1N1)=O)C1=O)=O)NC(c(cc1)ccc1C(c(cc(cc1)OC)c1OC)=O)=O)=O,Miss
A110_B317,CNC([C@H](CNC(C(CC1)CCN1S(c1c[n](C)c(C(N)=O)c1)(=O)=O)=O)NC(c1ccccc1)=O)=O,Miss
A135_B321,CC(C)C(C(NC[C@@H](C(NC)=O)NC(c1ccc(C)cc1)=O)=O)N(CCCN1)C1=O,Miss
A131_B093,CNC([C@H](CNC(COc1cc(C(N)=O)ccc1)=O)NC(COc(ccc(Cl)c1)c1Cl)=O)=O,Miss
A131_B267,Cc1ccc(C(N[C@@H](CNC(COc2cc(C(N)=O)ccc2)=O)C(NC)=O)=O)[s]1,Miss
A008_B094,CNC([C@H](CNC(C1CN(CC(N)=O)CCC1)=O)NC(Cc1cccc(OC(F)(F)F)c1)=O)=O,Miss
A070_B261,CCC1N(C(c2cc(NC(C3CCCC3)=O)ccc2)=O)c(ccc(C(NC[C@@H](C(NC)=O)N)=O)c2)c2NC1=O,Miss
A154_B050,CNC([C@H](CNC(c(cc1)cc(N=CN2)c1C2=O)=O)NC(Cc(cccc1OC)c1OC)=O)=O,Miss
A106_B175,CCN(C(c(ccc(C(NC[C@@H](C(NC)=O)NC(CCN(C=Nc1c2cccc1)C2=O)=O)=O)c1)c1N1)=O)C1=O,Miss
A017_B203,CNC([C@H](CNC(c(cc1)ccc1C(N)=O)=O)NC(c1cc([nH]cc2)c2cc1)=O)=O,Miss
A111_B342,CCCCN(c1c(C(N2)=O)[n](CC(C)C)c(CCC(N[C@@H](CNC(CN(C(C=C3)=O)NC3=O)=O)C(NC)=O)=O)n1)C2=O,Miss
A076_B100,CNC([C@H](CNC(C(NC(NC1=O)=O)=C1OC)=O)NC(Cc(cc1)ccc1S(C)(=O)=O)=O)=O,Miss
A012_B077,Cc(ccc(C(NC[C@@H](C(NC)=O)NC(CC(C1)c(cc(cc2)OC)c2C1=O)=O)=O)c1)c1NC(C1OCCC1)=O,Miss
A129_B064,CNC([C@H](CNC(CN(CCCN1)C1=O)=O)NC(CCc1cnccc1)=O)=O,Miss
A129_B261,CNC([C@H](CNC(CN(CCCN1)C1=O)=O)NC(c1cc(NC(C2CCCC2)=O)ccc1)=O)=O,Miss
A065_B274,CNC([C@H](CNC(CCC(N1)=Nc([s]c2c3CCC2)c3C1=O)=O)NC(c(cccn1)c1Oc1ccccc1)=O)=O,Miss
A122_B190,CNC([C@H](CNS(c1c[n](C)c(C(N)=O)c1)(=O)=O)NC(CCc1nc(-c(cccc2)c2OC)n[o]1)=O)=O,Miss
A112_B007,CNC([C@H](CNC(c(cc1)ccc1NS(c(cc1)cc(N2)c1NC2=O)(=O)=O)=O)NC(CC1CCCCC1)=O)=O,Miss
A021_B242,CC1(C)C(C)(C)C1C(N[C@@H](CNC(CCc1c(C)[n]2ncc(C(N)=O)c2nc1C)=O)C(NC)=O)=O,Miss
A065_B267,Cc1ccc(C(N[C@@H](CNC(CCC(N2)=Nc([s]c3c4CCC3)c4C2=O)=O)C(NC)=O)=O)[s]1,Miss
A109_B010,CNC([C@H](CNC(c1cc(-c2ccc[o]2)nc2c(C(N)=O)nc[n]12)=O)NC(Cc(cccc1)c1OC(F)(F)F)=O)=O,Miss
A064_B119,CCOc1c(CC(N[C@@H](CNC(c2cc(S(N)(=O)=O)c(C)[s]2)=O)C(NC)=O)=O)cccc1,Miss
A041_B152,CNC([C@H](CNC(C(CC1)CCN1c(cc1)ncc1C(N)=O)=O)NC(CCC(c(cc1)ccc1OC)=O)=O)=O,Miss
A157_B240,CCC(CC1)Cc2c1c(C(NC(c(cc1)ccc1C(NC[C@@H](C(NC)=O)NC(C(C1)C(c3cnccc3)N(C)C1=O)=O)=O)=N1)=O)c1[s]2,Miss
A133_B303,Cc(cc1)nc(O)c1C(N[C@@H](CNC(CNS(c(cc1)cc(NC2=O)c1NC2=O)(=O)=O)=O)C(NC)=O)=O,Miss
A092_B339,CNC([C@H](CNC(C(N1)=CC=CC1=O)=O)NC(C(C(N1C)=O)=CNC1=O)=O)=O,Miss
A109_B176,Cc1nc(cccc2)c2[n]1CCC(N[C@@H](CNC(c1cc(-c2ccc[o]2)nc2c(C(N)=O)nc[n]12)=O)C(NC)=O)=O,Miss
A012_B189,Cc(ccc(C(NC[C@@H](C(NC)=O)NC(CCCc1nc(-c(cccc2)c2OC)n[o]1)=O)=O)c1)c1NC(C1OCCC1)=O,Miss
A153_B074,CNC([C@H](CNC(CC(c1c2cccc1)=NNC2=O)=O)NC(CNC(OCc1ccccc1)=O)=O)=O,Miss
A050_B300,CNC([C@H](CNC(c(cc1)cc(N2)c1N(C)CC2=O)=O)NC(c1ccc[s]1)=O)=O,Miss
A090_B167,CC(C(N1CC(NC[C@@H](C(NC)=O)NC(CCC(c(cc2)ccc2Cl)=O)=O)=O)=O)(c2ccc(C)cc2)NC1=O,Miss
A135_B077,CC(C)C(C(NC[C@@H](C(NC)=O)NC(CC(C1)c(cc(cc2)OC)c2C1=O)=O)=O)N(CCCN1)C1=O,Miss
A020_B157,CC(CC1=C(C(NC[C@@H](C(NC)=O)NC(CCc(cc2)cc(F)c2F)=O)=O)NNC1=O)O,Miss
A072_B051,CNC([C@H](CNC(c(cc1)ccc1C(Nc1ccccc1)=O)=O)NC(CCc(cc1)cc2c1OCC2)=O)=O,Miss
A060_B268,Cc([n](C(C=C1)=NNC1=O)nc1)c1C(NC[C@@H](C(NC)=O)NC(c1c(C)nc(C)[s]1)=O)=O,Miss
A013_B366,CC(C)Cc1ccc(C(C)C(N[C@@H](CNC(c2cc(NC(C3CCCC3)=O)ccc2)=O)C(NC)=O)=O)cc1,Miss
A132_B097,CC(CCC(N[C@@H](CNC(c1cc(C(NC(N2)=O)=O)c2nc1)=O)C(NC)=O)=O)(c(cc1)ccc1O)c(cc1)ccc1O,Miss
A145_B191,CNC([C@H](CNC(C(N=C(C1CC1)N1)=CC1=O)=O)NC(CCc1nc(-c2ccc[o]2)n[o]1)=O)=O,Miss
A086_B238,CC(C)(C(CC1)C2)C1(C(N[C@@H](CNC(COc1ccc(CC(N)=O)cc1)=O)C(NC)=O)=O)C2=O,Miss
A094_B242,CC1(C)C(C)(C)C1C(N[C@@H](CNS(c(cc1)cc(C(N2)=O)c1NC2=O)(=O)=O)C(NC)=O)=O,Miss
A032_B144,CNC([C@H](CNC(c1c(C(NC(N2C)=O)=O)c2nc(-c(cc2)cc3c2OCO3)c1)=O)NC(Cc(cc1)ccc1OCc1ccccc1)=O)=O,Miss
A121_B212,CC(NC(N1CCOCC1)=N1)=C(CCC(NC[C@@H](C(NC)=O)NC(c(cc2)cc3c2OCCO3)=O)=O)C1=O,Miss
A102_B116,CNC([C@H](CNS(c(cc1)cc(NC2=O)c1NC2=O)(=O)=O)NC(Cc(cc1)ccc1OC)=O)=O,Miss
A023_B067,CNC([C@H](CNC(CC[n]1ncc(S(N)(=O)=O)c1)=O)NC(COc1ccccc1)=O)=O,Miss
A013_B257,CNC([C@H](CNC(c1cc(NC(C2CCCC2)=O)ccc1)=O)NC(c1n[nH]c(-c(cc2)ccc2OC)c1)=O)=O,Miss
A012_B022,Cc1cc(CC(N[C@@H](CNC(c2cc(NC(C3OCCC3)=O)c(C)cc2)=O)C(NC)=O)=O)c(C)cc1,Miss
A092_B168,Cc(cc(cc1)Cl)c1OCC(N[C@@H](CNC(C(N1)=CC=CC1=O)=O)C(NC)=O)=O,Miss
A031_B108,CNC([C@H](CNC(c(cc1)cc(N2)c1N(C1CCCC1)C2=O)=O)NC(Cc1cccc(F)c1F)=O)=O,Miss
A052_B083,CCN(c(ccc(C(NC[C@@H](C(NC)=O)NC(CCN(c(cccc1)c1O1)C1=O)=O)=O)c1)c1NC1=O)C1=O,Miss
A120_B344,Cc1c(C(NN2C)=O)c2nc(C)c1CC(N[C@@H](CNC(c1c(C(NC(N2C)=O)=O)c2nc(C2CC2)c1)=O)C(NC)=O)=O,Miss
A077_B352,CNC([C@H](CNC(C1=C(c2ccccc2)C(c2ccccc2)=NNC1=O)=O)NC(C(CC1)c(cccc2)c2C1=O)=O)=O,Miss
A138_B349,CCOc(cc1)ccc1C(CCC(N[C@@H](CNC(C[n]1c(cccc2)c2c(C(N)=O)c1)=O)C(NC)=O)=O)=O,Miss
A136_B032,CNC([C@H](CNC(c(cc1)ccc1N(CCN1)C1=O)=O)NC(CC(c1ccccc1)O)=O)=O,Miss
A142_B048,CNC([C@H](CNC(c1cc(C(N)=O)c[o]1)=O)NC(Cc(cc1)cc(OC)c1O)=O)=O,Miss
A072_B062,CNC([C@H](CNC(c(cc1)ccc1C(Nc1ccccc1)=O)=O)NC(Cc(ccc(OC)c1)c1F)=O)=O,Miss
A027_B248,CC(N=C(N1)N2CCCC2)=C(CC(NC[C@@H](C(NC)=O)NC(C(C2)COc3c2cccc3OC)=O)=O)C1=O,Miss
A015_B216,CNC([C@H](CNC(c(cc1)cc(NC2=O)c1NC2=O)=O)NC(c1n[nH]c(C2CC2)c1)=O)=O,Miss
A072_B297,CNC([C@H](CNC(c(cc1)ccc1C(Nc1ccccc1)=O)=O)NC(c1cc(-[n]2nccc2)ccc1)=O)=O,Miss
A058_B105,CC(N=C(c1ccncc1)N1)=C(CC(NC[C@@H](C(NC)=O)NC(Cc(cccc2)c2Oc2ccccc2)=O)=O)C1=O,Miss
A016_B014,CCCCC(N[C@@H](CNC(C1(CC1)C(N)=O)=O)C(NC)=O)=O,Miss
A010_B004,CC(C)CCC(N[C@@H](CNC(c(cc1)ccc1NC(C1CC=CCC1)=O)=O)C(NC)=O)=O,Miss
A089_B075,CNC([C@H](CNC(CN(c(cccc1)c1N1)C1=O)=O)NC(CCc1cc(OC)cc(OC)c1)=O)=O,Miss
A063_B275,CC(N1)=C(C)N=C(C(NC[C@@H](C(NC)=O)NC(c(cc2)ncc2Br)=O)=O)C1=O,Miss
A139_B016,CCOCCC(N[C@@H](CNC(c1c(C)[o]c(N=CN2)c1C2=O)=O)C(NC)=O)=O,Miss
A046_B244,CNC([C@H](CNC(c(cc1)cc(N2)c1NCC2=O)=O)NC(c1cc(cc(cc2)OC)c2[o]1)=O)=O,Miss
A019_B154,CNC([C@H](CNC(C(C1=N2)=CNN1c(cccc1)c1C2=O)=O)NC(CCOc1ccc(CO)cc1)=O)=O,Miss
A091_B136,CNC([C@H](CNC(Cc([s]1)ccc1S(N)(=O)=O)=O)NC(CCc(cc1)ccc1OC)=O)=O,Miss
A133_B219,CNC([C@H](CNC(CNS(c(cc1)cc(NC2=O)c1NC2=O)(=O)=O)=O)NC(c(cc1)cc2c1[o]cc2)=O)=O,Miss
A057_B115,CC(N=C(N1)N(CC2)CCC2C(NC[C@@H](C(NC)=O)NC(Cc2c[o]c3c2cccc3)=O)=O)=CC1=O,Miss
A061_B226,CNC([C@H](CNC(c(cc1C(N2)=O)cnc1N(C1CC1)C2=O)=O)NC(C(CC1)CCN1C(c1cc(OC)cc(OC)c1)=O)=O)=O,Miss
A055_B229,CNC([C@H](CNC(c(cc1)cc(N=C(CN2CCOCC2)N2)c1C2=O)=O)NC(c1ccc(C[n]2nnnc2)cc1)=O)=O,Miss
A087_B336,CNC([C@H](CNC(C(CC1)CCN1S(c(cc1)ccc1C(N)=O)(=O)=O)=O)NC(CN(C=C1)c(cccc2)c2C1=O)=O)=O,Miss
A014_B093,CC(Nc1cc(C(NC[C@@H](C(NC)=O)NC(COc(ccc(Cl)c2)c2Cl)=O)=O)cc(NC(C)=O)c1)=O,Miss
A122_B060,CNC([C@H](CNS(c1c[n](C)c(C(N)=O)c1)(=O)=O)NC(Cc(ccc(F)c1)c1Cl)=O)=O,Miss
A152_B356,CNC([C@H](CNC(C(c1c2cccc1)=NNC2=O)=O)NC(C(C1)c(cccc2)c2C1=O)=O)=O,Miss
A014_B257,CC(Nc1cc(C(NC[C@@H](C(NC)=O)NC(c2n[nH]c(-c(cc3)ccc3OC)c2)=O)=O)cc(NC(C)=O)c1)=O,Miss
A112_B097,CC(CCC(N[C@@H](CNC(c(cc1)ccc1NS(c(cc1)cc(N2)c1NC2=O)(=O)=O)=O)C(NC)=O)=O)(c(cc1)ccc1O)c(cc1)ccc1O,Miss
A103_B060,CNC([C@H](CNC(CN(C(c(cccc1)c1N1)=O)C1=O)=O)NC(Cc(ccc(F)c1)c1Cl)=O)=O,Miss
A017_B158,CNC([C@H](CNC(c(cc1)ccc1C(N)=O)=O)NC(CCc1c(C(F)(F)F)cccc1)=O)=O,Miss
A005_B329,CNC([C@H](CNC(CCC(C(N1)=O)NC1=O)=O)NC(CCN1CCCCC1)=O)=O,Miss
A145_B002,CCC=CCC(N[C@@H](CNC(C(N=C(C1CC1)N1)=CC1=O)=O)C(NC)=O)=O,Miss
A082_B312,Cc(cc1nc2)n[n]1c(C)c2C(N[C@@H](CNC(CCC1=Nc(cccc2)c2NC1=O)=O)C(NC)=O)=O,Miss
A047_B190,CNC([C@H](CNC(c(cc1)ccc1Oc(cc1)ccc1C(N)=O)=O)NC(CCc1nc(-c(cccc2)c2OC)n[o]1)=O)=O,Miss
A063_B115,CC(N1)=C(C)N=C(C(NC[C@@H](C(NC)=O)NC(Cc2c[o]c3c2cccc3)=O)=O)C1=O,Miss
A058_B032,CC(N=C(c1ccncc1)N1)=C(CC(NC[C@@H](C(NC)=O)NC(CC(c2ccccc2)O)=O)=O)C1=O,Miss
A092_B193,CNC([C@H](CNC(C(N1)=CC=CC1=O)=O)NC(c1cc2ccccc2nc1)=O)=O,Miss
A020_B337,CC(CC1=C(C(NC[C@@H](C(NC)=O)NC(CN(CCC(N2)=O)C2=O)=O)=O)NNC1=O)O,Miss
A031_B100,CNC([C@H](CNC(c(cc1)cc(N2)c1N(C1CCCC1)C2=O)=O)NC(Cc(cc1)ccc1S(C)(=O)=O)=O)=O,Miss
A098_B008,CC(C)(C)CC(N[C@@H](CNC(C(CCC1)CN1C(N)=O)=O)C(NC)=O)=O,Miss
A066_B075,CNC([C@H](CNC(C(N1)=CNC1=O)=O)NC(CCc1cc(OC)cc(OC)c1)=O)=O,Miss
A121_B030,CC(NC(N1CCOCC1)=N1)=C(CCC(NC[C@@H](C(NC)=O)NC(CN(C)C(c2ccccc2)=O)=O)=O)C1=O,Miss
A135_B012,CC(C)C(C(NC[C@@H](C(NC)=O)NC(CC(C1)C(C)(C)C1C(C)=O)=O)=O)N(CCCN1)C1=O,Miss
A091_B208,CNC([C@H](CNC(Cc([s]1)ccc1S(N)(=O)=O)=O)NC(c1n[n](C)c2c1cccc2)=O)=O,Miss
A132_B054,CNC([C@H](CNC(c1cc(C(NC(N2)=O)=O)c2nc1)=O)NC(COc(cccc1)c1OC)=O)=O,Miss
A096_B366,CC(C)Cc1ccc(C(C)C(N[C@@H](CNC(CN(C(c2c3cccc2)=O)NC3=O)=O)C(NC)=O)=O)cc1,Miss
A049_B200,CNC([C@H](CNC(c(cc(-c1ccccc1)nc1NN2)c1C2=O)=O)NC(c1nccc2ccccc12)=O)=O,Miss
A051_B005,CC(C1=C(N2)N(C)NC1=O)=C(CC(NC[C@@H](C(NC)=O)NC(CC1CCCC1)=O)=O)C2=O,Miss
A007_B045,CNC([C@H](CNC(C(C(N1)=O)=CNC1=O)=O)NC(CCNC(c1ccccc1)=O)=O)=O,Miss
A106_B342,CCCCN(c1c(C(N2)=O)[n](CC(C)C)c(CCC(N[C@@H](CNC(c(cc3)cc(NC(N4CC)=O)c3C4=O)=O)C(NC)=O)=O)n1)C2=O,Miss
A140_B048,CNC([C@H](CNC(CC1N(CC(N2)=Nc(cccc3)c3C2=O)CCC1)=O)NC(Cc(cc1)cc(OC)c1O)=O)=O,Miss
A140_B158,CNC([C@H](CNC(CC1N(CC(N2)=Nc(cccc3)c3C2=O)CCC1)=O)NC(CCc1c(C(F)(F)F)cccc1)=O)=O,Miss
A018_B101,CNC([C@H](CNC(c(cc1)ccc1S(N)(=O)=O)=O)NC(Cc1c[nH]cn1)=O)=O,Miss
A036_B175,CNC([C@H](CNC(CNc(cc1)ccc1C(N)=O)=O)NC(CCN(C=Nc1c2cccc1)C2=O)=O)=O,Miss
A022_B316,Cc(cc(cc1)C(NC[C@@H](C(NC)=O)NC(c(cc2)ccc2S(C)(=O)=O)=O)=O)c1N(CCN1)C1=O,Miss
A032_B239,CCC1(CC(N[C@@H](CNC(c2c(C(NC(N3C)=O)=O)c3nc(-c(cc3)cc4c3OCO4)c2)=O)C(NC)=O)=O)OCCc2c1[nH]c1c2cccc1CC,Miss
A079_B339,CNC([C@H](CNC(CN1Nc(cccc2)c2C1=O)=O)NC(C(C(N1C)=O)=CNC1=O)=O)=O,Miss
A079_B256,CC(CC1)CCN1c(ccc(C(N[C@@H](CNC(CN1Nc(cccc2)c2C1=O)=O)C(NC)=O)=O)c1)c1[N+]([O-])=O,Miss
A052_B127,CCN(c(ccc(C(NC[C@@H](C(NC)=O)NC(CCc(cc1)ccc1OCC)=O)=O)c1)c1NC1=O)C1=O,Miss
A137_B031,Cc(cc1)ccc1SCC(N[C@@H](CNC(CC1Nc(cccc2)c2NC1=O)=O)C(NC)=O)=O,Miss
A071_B298,CC(C)(C1)CC(NC(C(C(NC[C@@H](C(NC)=O)NC(c2cc(C[n]3nccc3)ccc2)=O)=O)=C2)=O)=C2C1=O,Miss
A010_B329,CNC([C@H](CNC(c(cc1)ccc1NC(C1CC=CCC1)=O)=O)NC(CCN1CCCCC1)=O)=O,Miss
A041_B027,Cc(cc1)ccc1S(NCC(N[C@@H](CNC(C(CC1)CCN1c(cc1)ncc1C(N)=O)=O)C(NC)=O)=O)(=O)=O,Miss
A150_B040,Cc(cccc1)c1C(NCC(N[C@@H](CNC(c(cc1C(N2)=O)cnc1N(Cc1ccccc1)C2=O)=O)C(NC)=O)=O)=O,Miss
A133_B330,CC(N(CCC1)C1C(N[C@@H](CNC(CNS(c(cc1)cc(NC2=O)c1NC2=O)(=O)=O)=O)C(NC)=O)=O)=O,Miss
A012_B249,CC(c1c(C)[n](CC(N[C@@H](CNC(c2cc(NC(C3OCCC3)=O)c(C)cc2)=O)C(NC)=O)=O)nc1C)=O,Miss
A049_B236,CNC([C@H](CNC(c(cc(-c1ccccc1)nc1NN2)c1C2=O)=O)NC(C(C1)C1c1ccccc1)=O)=O,Miss
A098_B352,CNC([C@H](CNC(C(CCC1)CN1C(N)=O)=O)NC(C(CC1)c(cccc2)c2C1=O)=O)=O,Miss
A038_B176,Cc1nc(cccc2)c2[n]1CCC(N[C@@H](CNC(c(nc1NN2)cc(C)c1C2=O)=O)C(NC)=O)=O,Miss
A116_B007,CC(C)CN(c1nc(C2CC2)cc(C(NC[C@@H](C(NC)=O)NC(CC2CCCCC2)=O)=O)c1C(N1)=O)C1=O,Miss
A078_B096,Cc1c(CC(N[C@@H](CNC(C(c2c3cccc2)=CNC3=O)=O)C(NC)=O)=O)c(cc(cc2)OC)c2[nH]1,Miss
A112_B116,CNC([C@H](CNC(c(cc1)ccc1NS(c(cc1)cc(N2)c1NC2=O)(=O)=O)=O)NC(Cc(cc1)ccc1OC)=O)=O,Miss
A135_B107,CC(C)C(C(NC[C@@H](C(NC)=O)NC(Cc(cccc1)c1F)=O)=O)N(CCCN1)C1=O,Miss
A066_B337,CNC([C@H](CNC(C(N1)=CNC1=O)=O)NC(CN(CCC(N1)=O)C1=O)=O)=O,Miss
A014_B104,CC(Nc1cc(C(NC[C@@H](C(NC)=O)NC(CC2c(cccc3)c3-c3c2cccc3)=O)=O)cc(NC(C)=O)c1)=O,Miss
A078_B086,CNC([C@H](CNC(C(c1c2cccc1)=CNC2=O)=O)NC(Cc(cc1)cnc1Cl)=O)=O,Miss
A133_B347,CNC([C@H](CNC(CNS(c(cc1)cc(NC2=O)c1NC2=O)(=O)=O)=O)NC(CNS(c(cc1)cc(C2)c1NC2=O)(=O)=O)=O)=O,Miss
A039_B288,Cc1cc(C(N[C@@H](CNC(Cc2c[s]c(N(CCCN3)C3=O)n2)=O)C(NC)=O)=O)cc(C)c1,Miss
A109_B033,CNC([C@H](CNC(c1cc(-c2ccc[o]2)nc2c(C(N)=O)nc[n]12)=O)NC(Cc(cc1)ccc1N(C)C)=O)=O,Miss
A117_B259,CNC([C@H](CNC(c1ccc(C(NC(N2C)=O)=O)c2n1)=O)NC(CCCc1nc(-c2ccncc2)n[o]1)=O)=O,Miss
A075_B167,CNC([C@H](CNC(C(NC(N1)=O)=CC1=O)=O)NC(CCC(c(cc1)ccc1Cl)=O)=O)=O,Miss
A145_B348,CNC([C@H](CNC(C(N=C(C1CC1)N1)=CC1=O)=O)NC(c1ccc(CN(C(CN2)=O)C2=O)cc1)=O)=O,Miss
A018_B142,CNC([C@H](CNC(c(cc1)ccc1S(N)(=O)=O)=O)NC(CNC(c1ccc[o]1)=O)=O)=O,Miss
A019_B047,CNC([C@H](CNC(C(C1=N2)=CNN1c(cccc1)c1C2=O)=O)NC(Cc(cc1)cc2c1OCO2)=O)=O,Miss
A061_B047,CNC([C@H](CNC(c(cc1C(N2)=O)cnc1N(C1CC1)C2=O)=O)NC(Cc(cc1)cc2c1OCO2)=O)=O,Miss
A051_B352,CC(C1=C(N2)N(C)NC1=O)=C(CC(NC[C@@H](C(NC)=O)NC(C(CC1)c(cccc3)c3C1=O)=O)=O)C2=O,Miss
A049_B216,CNC([C@H](CNC(c(cc(-c1ccccc1)nc1NN2)c1C2=O)=O)NC(c1n[nH]c(C2CC2)c1)=O)=O,Miss
A083_B224,Cc1c(C(NC[C@@H](C(NC)=O)NC(c2cc3nc(C)c(C)nc3cc2)=O)=O)[s]c(N=CN2)c1C2=O,Miss
A106_B127,CCN(C(c(ccc(C(NC[C@@H](C(NC)=O)NC(CCc(cc1)ccc1OCC)=O)=O)c1)c1N1)=O)C1=O,Miss
A014_B344,CC(Nc1cc(C(NC[C@@H](C(NC)=O)NC(Cc(c(C)c23)c(C)nc2N(C)NC3=O)=O)=O)cc(NC(C)=O)c1)=O,Miss
A148_B059,CNC([C@H](CNC(C1OCCN(CC(N2)=Nc(cccc3)c3C2=O)C1)=O)NC(Cc(c(F)ccc1)c1Cl)=O)=O,Miss
A150_B330,CC(N(CCC1)C1C(N[C@@H](CNC(c(cc1C(N2)=O)cnc1N(Cc1ccccc1)C2=O)=O)C(NC)=O)=O)=O,Miss
A115_B141,CNC([C@H](CNC(CCCC(N1)=Nc(cccc2)c2C1=O)=O)NC(CCc1ncc(-c(cc2)ccc2Cl)[o]1)=O)=O,Miss
A138_B053,CNC([C@H](CNC(C[n]1c(cccc2)c2c(C(N)=O)c1)=O)NC(CCc(cc1)cc(Cl)c1OC)=O)=O,Miss
A074_B126,CNC([C@H](CNC(COc(cccc1)c1C(N)=O)=O)NC(Cc(cc1OC)cc(OC)c1OC)=O)=O,Miss
A136_B088,CNC([C@H](CNC(c(cc1)ccc1N(CCN1)C1=O)=O)NC(Cc1cccc(C(F)(F)F)c1)=O)=O,Miss
A052_B116,CCN(c(ccc(C(NC[C@@H](C(NC)=O)NC(Cc(cc1)ccc1OC)=O)=O)c1)c1NC1=O)C1=O,Miss
A071_B203,CC(C)(C1)CC(NC(C(C(NC[C@@H](C(NC)=O)NC(c2cc([nH]cc3)c3cc2)=O)=O)=C2)=O)=C2C1=O,Miss
A113_B211,CNC([C@H](CNC(C1=CC(C(CCC2)=O)=C2NC1=O)=O)NC(c1ccc(C[n]2c(cccc3)c3nc2)cc1)=O)=O,Miss
A105_B345,CNC([C@H](CNC(c(cc1)cc(NC(N2c3cccc4ccccc34)=O)c1C2=O)=O)NC(CCC(N(C1)c(cccc2)c2NC1=O)=O)=O)=O,Miss
A061_B134,CNC([C@H](CNC(c(cc1C(N2)=O)cnc1N(C1CC1)C2=O)=O)NC(CCc(cccc1)c1OC)=O)=O,Miss
A007_B253,CCC(N(CCC1)CC1C(N[C@@H](CNC(C(C(N1)=O)=CNC1=O)=O)C(NC)=O)=O)=O,Miss
A042_B195,Cc1c(CCC(NC[C@@H](C(NC)=O)NC(c2nc3ccccc3cc2)=O)=O)c(C)nc2c(C(N)=O)nc[n]12,Miss
A122_B336,CNC([C@H](CNS(c1c[n](C)c(C(N)=O)c1)(=O)=O)NC(CN(C=C1)c(cccc2)c2C1=O)=O)=O,Miss
A041_B350,CNC([C@H](CNC(C(CC1)CCN1c(cc1)ncc1C(N)=O)=O)NC(CC(c1c2cccc1)OC2=O)=O)=O,Miss
A134_B338,CC(C(NC[C@@H](C(NC)=O)NC(c(cc(CC(N1)=O)c1c1)c1Cl)=O)=O)SC(N1)=NC(C)=CC1=O,Miss
A081_B223,CNC([C@H](CNC(c1cc(NC(N)=O)ccc1)=O)NC(C(CC1)CCC1=O)=O)=O,Miss
A087_B139,CNC([C@H](CNC(C(CC1)CCN1S(c(cc1)ccc1C(N)=O)(=O)=O)=O)NC(CCc1ncc(-c2ccccc2)[o]1)=O)=O,Miss
A049_B350,CNC([C@H](CNC(c(cc(-c1ccccc1)nc1NN2)c1C2=O)=O)NC(CC(c1c2cccc1)OC2=O)=O)=O,Miss
A087_B175,CNC([C@H](CNC(C(CC1)CCN1S(c(cc1)ccc1C(N)=O)(=O)=O)=O)NC(CCN(C=Nc1c2cccc1)C2=O)=O)=O,Miss
A040_B104,CNC([C@H](CNC(c1ccc(C(N)=O)[s]1)=O)NC(CC1c(cccc2)c2-c2c1cccc2)=O)=O,Miss
A104_B051,CNC([C@H](CNC(c1cc(C(N)=O)ccc1)=O)NC(CCc(cc1)cc2c1OCC2)=O)=O,Miss
A074_B213,Cc(nc1)cnc1C(N[C@@H](CNC(COc(cccc1)c1C(N)=O)=O)C(NC)=O)=O,Miss
A025_B030,CNC([C@H](CNC(C[n]1ncc(S(N)(=O)=O)c1)=O)NC(CN(C)C(c1ccccc1)=O)=O)=O,Miss
A008_B281,CNC([C@H](CNC(C1CN(CC(N)=O)CCC1)=O)NC(c(cc1)cc(OC)c1OC)=O)=O,Miss
A060_B108,Cc([n](C(C=C1)=NNC1=O)nc1)c1C(NC[C@@H](C(NC)=O)NC(Cc1cccc(F)c1F)=O)=O,Miss
A034_B118,CNC([C@H](CNC(CCN(C=CNC1=O)C1=O)=O)NC(Cc1cc(OC)ccc1)=O)=O,Miss
A017_B222,CCC(CC1)CCC1C(N[C@@H](CNC(c(cc1)ccc1C(N)=O)=O)C(NC)=O)=O,Miss
A003_B153,CNC([C@H](CNC(CCC(Nc(cc1)ccc1S(N)(=O)=O)=O)=O)NC(Cc(cc1)cc(OC)c1F)=O)=O,Miss
A025_B328,CNC([C@H](CNC(C[n]1ncc(S(N)(=O)=O)c1)=O)NC(CCC(c(cc1)cc(OC)c1OC)=O)=O)=O,Miss
A009_B190,Cc(ccc(C(NC[C@@H](C(NC)=O)NC(CCc1nc(-c(cccc2)c2OC)n[o]1)=O)=O)c1)c1N(CCN1)C1=O,Miss
A118_B348,CNC([C@H](CNC(c1c(C(NC(N2C)=O)=O)c2nc(-c2ccccc2)c1)=O)NC(c1ccc(CN(C(CN2)=O)C2=O)cc1)=O)=O,Miss
A062_B096,Cc1c(CC(N[C@@H](CNC(COc(cc2)cc(CC3)c2NC3=O)=O)C(NC)=O)=O)c(cc(cc2)OC)c2[nH]1,Miss
A058_B082,CC(N=C(c1ccncc1)N1)=C(CC(NC[C@@H](C(NC)=O)NC(Cc(cc2)cc(Cl)c2Cl)=O)=O)C1=O,Miss
A120_B126,CNC([C@H](CNC(c1c(C(NC(N2C)=O)=O)c2nc(C2CC2)c1)=O)NC(Cc(cc1OC)cc(OC)c1OC)=O)=O,Miss
A079_B102,CNC([C@H](CNC(CN1Nc(cccc2)c2C1=O)=O)NC(Cc(cc1)cc(O)c1OC)=O)=O,Miss
A092_B035,CNC([C@H](CNC(C(N1)=CC=CC1=O)=O)NC(CCc(cc(cc1)OC)c1OC)=O)=O,Miss
A049_B005,CNC([C@H](CNC(c(cc(-c1ccccc1)nc1NN2)c1C2=O)=O)NC(CC1CCCC1)=O)=O,Miss
A146_B089,CNC([C@H](CNC(c1ccc(C(N)=O)[o]1)=O)NC(Cc1ccc(C(F)(F)F)cc1)=O)=O,Miss
A150_B064,CNC([C@H](CNC(c(cc1C(N2)=O)cnc1N(Cc1ccccc1)C2=O)=O)NC(CCc1cnccc1)=O)=O,Miss
A054_B289,CNC([C@H](CNC(c(cc1)ccc1Sc1ncccc1C(N)=O)=O)NC(c1cc2ccccc2cc1)=O)=O,Miss
A102_B262,CNC([C@H](CNS(c(cc1)cc(NC2=O)c1NC2=O)(=O)=O)NC(C(CC1)CCN1C(N(C)C)=O)=O)=O,Miss
A124_B361,CNC([C@H](CNC(c(cc1)cc(CCC2)c1NC2=O)=O)NC(CC(c1c2cccc1)=NNC2=O)=O)=O,Miss
A156_B197,Cc1c(C(NC[C@@H](C(NC)=O)NC(c2cc3ccc(C)nc3cc2)=O)=O)[s]c(N=C(COC)N2)c1C2=O,Miss
A031_B099,CNC([C@H](CNC(c(cc1)cc(N2)c1N(C1CCCC1)C2=O)=O)NC(Cc(cc(cc1)[N+]([O-])=O)c1F)=O)=O,Miss
A103_B149,CNC([C@H](CNC(CN(C(c(cccc1)c1N1)=O)C1=O)=O)NC(Cc1c[s]cc1)=O)=O,Miss
A146_B358,CNC([C@H](CNC(c1ccc(C(N)=O)[o]1)=O)NC(CN(C(C(CC1)(c2c1cccc2)N1)=O)C1=O)=O)=O,Miss
A017_B241,CNC([C@H](CNC(c(cc1)ccc1C(N)=O)=O)NC(C(CC(C1O)O)=CC1O)=O)=O,Miss
A024_B053,CNC([C@H](CNC(c1cc(N(C(C=C2)=O)NC2=O)ccc1)=O)NC(CCc(cc1)cc(Cl)c1OC)=O)=O,Miss
A104_B190,CNC([C@H](CNC(c1cc(C(N)=O)ccc1)=O)NC(CCc1nc(-c(cccc2)c2OC)n[o]1)=O)=O,Miss
A107_B332,CC(C)(C(N[C@@H](CNC(C(C1)c(cccc2)c2NC1=O)=O)C(NC)=O)=O)O,Miss
A069_B060,Cc1cc(C(NC[C@@H](C(NC)=O)NC(Cc(ccc(F)c2)c2Cl)=O)=O)nc(N=C(N2)O)c1C2=O,Miss
A122_B342,CCCCN(c1c(C(N2)=O)[n](CC(C)C)c(CCC(N[C@@H](CNS(c3c[n](C)c(C(N)=O)c3)(=O)=O)C(NC)=O)=O)n1)C2=O,Miss
A147_B077,CNC([C@H](CNC(c1c[o]c(C(N)=O)c1)=O)NC(CC(C1)c(cc(cc2)OC)c2C1=O)=O)=O,Miss
A037_B289,CNC([C@H](CNC(c1cccc(N(CCCN2)C2=O)c1)=O)NC(c1cc2ccccc2cc1)=O)=O,Miss
A029_B204,CNC([C@H](CNC(c(cc1C(N)=O)n[n]1-c1ccccc1)=O)NC(c1cc(cc(cc2)OC)c2[nH]1)=O)=O,Miss
A097_B335,CNC([C@H](CNC(c(cc1C(N2)=O)cnc1N(C)C2=O)=O)NC(Cc1cnc(N)[s]1)=O)=O,Miss
A096_B055,CNC([C@H](CNC(CN(C(c1c2cccc1)=O)NC2=O)=O)NC(CCC(c(cc(cc1)OC)c1OC)=O)=O)=O,Miss
A154_B191,CNC([C@H](CNC(c(cc1)cc(N=CN2)c1C2=O)=O)NC(CCc1nc(-c2ccc[o]2)n[o]1)=O)=O,Miss
A029_B135,Cc1c(CCC(N[C@@H](CNC(c(cc2C(N)=O)n[n]2-c2ccccc2)=O)C(NC)=O)=O)cccc1,Miss
A028_B121,CNC([C@H](CNC(c(cc1)cnc1C(N)=O)=O)NC(Cc1c[nH]c2c1cccc2)=O)=O,Miss
A006_B211,CNC([C@H](CNC(CCN(C=CC(N1)=O)C1=O)=O)NC(c1ccc(C[n]2c(cccc3)c3nc2)cc1)=O)=O,Miss
A016_B097,CC(CCC(N[C@@H](CNC(C1(CC1)C(N)=O)=O)C(NC)=O)=O)(c(cc1)ccc1O)c(cc1)ccc1O,Miss
A137_B231,CC(C)(C(N1CC(N[C@@H](CNC(CC2Nc(cccc3)c3NC2=O)=O)C(NC)=O)=O)=O)NC1=O,Miss
A027_B006,CC(N=C(N1)N2CCCC2)=C(CC(NC[C@@H](C(NC)=O)NC(CCC2CCCC2)=O)=O)C1=O,Miss
A047_B171,CNC([C@H](CNC(c(cc1)ccc1Oc(cc1)ccc1C(N)=O)=O)NC(CCN1c(cc(cc2)Cl)c2OCC1=O)=O)=O,Miss
A112_B065,CC(C(CCCCCC(N[C@@H](CNC(c(cc1)ccc1NS(c(cc1)cc(N2)c1NC2=O)(=O)=O)=O)C(NC)=O)=O)N1)NC1=O,Miss
A088_B117,CCOc1ccc(CC(N[C@@H](CNC(c(cc2)cc(C3)c2NC3=O)=O)C(NC)=O)=O)cc1,Miss
A085_B181,Cc1c(C)[n](CCC(N[C@@H](CNC(C(N2)=Cc(cccc3)c3C2=O)=O)C(NC)=O)=O)nc1C,Miss
A095_B164,CNC([C@H](CNC(CC1Sc(ccc(Cl)c2)c2NC1=O)=O)NC(CCc1cc(Cl)ccc1)=O)=O,Miss
A081_B096,Cc1c(CC(N[C@@H](CNC(c2cccc(NC(N)=O)c2)=O)C(NC)=O)=O)c(cc(cc2)OC)c2[nH]1,Miss
A130_B174,CNC([C@H](CNC(c1c(C(NN2C)=O)c2nc(C2CC2)c1)=O)NC(Cc(ccc(Cl)c1)c1F)=O)=O,Miss
A128_B254,CNC([C@H](CNC(c([o]1)ccc1S(N)(=O)=O)=O)NC(c(cc1)ccc1C(c(cc(cc1)OC)c1OC)=O)=O)=O,Miss
A046_B141,CNC([C@H](CNC(c(cc1)cc(N2)c1NCC2=O)=O)NC(CCc1ncc(-c(cc2)ccc2Cl)[o]1)=O)=O,Miss
A011_B344,Cc1c(C(NN2C)=O)c2nc(C)c1CC(N[C@@H](CNC(CCN(c(cccc1)c1C(N1)=O)C1=O)=O)C(NC)=O)=O,Miss
A144_B104,CNC([C@H](CNC(c1cc(C(N)=O)c[n]1C)=O)NC(CC1c(cccc2)c2-c2c1cccc2)=O)=O,Miss
A128_B141,CNC([C@H](CNC(c([o]1)ccc1S(N)(=O)=O)=O)NC(CCc1ncc(-c(cc2)ccc2Cl)[o]1)=O)=O,Miss
A040_B097,CC(CCC(N[C@@H](CNC(c1ccc(C(N)=O)[s]1)=O)C(NC)=O)=O)(c(cc1)ccc1O)c(cc1)ccc1O,Miss
A153_B305,Cc1ccc(-c2n[nH]c(C(N[C@@H](CNC(CC(c3c4cccc3)=NNC4=O)=O)C(NC)=O)=O)c2)[o]1,Miss
A143_B155,CNC([C@H](CNC(c(cc12)ncc1N=CNC2=O)=O)NC(CCc(cc1)ccc1F)=O)=O,Miss
A062_B058,CNC([C@H](CNC(COc(cc1)cc(CC2)c1NC2=O)=O)NC(CCc(cc1OC)cc(OC)c1OC)=O)=O,Miss
A137_B353,CNC([C@H](CNC(CC1Nc(cccc2)c2NC1=O)=O)NC(c(cc1)cc(NC(CN2)=O)c1C2=O)=O)=O,Miss
A144_B144,CNC([C@H](CNC(c1cc(C(N)=O)c[n]1C)=O)NC(Cc(cc1)ccc1OCc1ccccc1)=O)=O,Miss
A096_B104,CNC([C@H](CNC(CN(C(c1c2cccc1)=O)NC2=O)=O)NC(CC1c(cccc2)c2-c2c1cccc2)=O)=O,Miss
A093_B150,CNC([C@H](CNC(C1=Cc(cccc2)c2NC1=O)=O)NC(CCC(c1ccc[s]1)=O)=O)=O,Miss
A087_B314,CNC([C@H](CNC(C(CC1)CCN1S(c(cc1)ccc1C(N)=O)(=O)=O)=O)NC(c1ccc(Oc2cnccc2)[o]1)=O)=O,Miss
A153_B049,CNC([C@H](CNC(CC(c1c2cccc1)=NNC2=O)=O)NC(Cc(cc(cc1)OC)c1OC)=O)=O,Miss
A110_B069,CNC([C@H](CNC(C(CC1)CCN1S(c1c[n](C)c(C(N)=O)c1)(=O)=O)=O)NC(CC(CC(C1)C2)(CC1C1)CC21O)=O)=O,Miss
A086_B205,CNC([C@H](CNC(COc1ccc(CC(N)=O)cc1)=O)NC(Cc1c[nH]c(cc2)c1cc2Br)=O)=O,Miss
A122_B295,CNC([C@H](CNS(c1c[n](C)c(C(N)=O)c1)(=O)=O)NC(c1ncc[nH]1)=O)=O,Miss
A039_B064,CNC([C@H](CNC(Cc1c[s]c(N(CCCN2)C2=O)n1)=O)NC(CCc1cnccc1)=O)=O,Miss
A149_B150,CNC([C@H](CNC(c1nc(C(N)=O)ccc1)=O)NC(CCC(c1ccc[s]1)=O)=O)=O,Miss
A075_B311,CNC([C@H](CNC(C(NC(N1)=O)=CC1=O)=O)NC(C1CC=CCC1)=O)=O,Miss
A158_B135,Cc1n[n](C=C(C(NC[C@@H](C(NC)=O)NC(CCc2c(C)cccc2)=O)=O)C(N2)=O)c2c1,Miss
A122_B300,CNC([C@H](CNS(c1c[n](C)c(C(N)=O)c1)(=O)=O)NC(c1ccc[s]1)=O)=O,Miss
A080_B042,Cc(cc1)ccc1C(NCC(N[C@@H](CNC(CC1Sc(ccc(C(F)(F)F)c2)c2NC1=O)=O)C(NC)=O)=O)=O,Miss
A089_B191,CNC([C@H](CNC(CN(c(cccc1)c1N1)C1=O)=O)NC(CCc1nc(-c2ccc[o]2)n[o]1)=O)=O,Miss
A132_B200,CNC([C@H](CNC(c1cc(C(NC(N2)=O)=O)c2nc1)=O)NC(c1nccc2ccccc12)=O)=O,Miss
A073_B022,Cc1cc(CC(N[C@@H](CNC(c(cc2)ccc2C(NC2CC2)=O)=O)C(NC)=O)=O)c(C)cc1,Miss
A035_B266,CNC([C@H](CNC(C1=CC(CCCCC2)=C2NC1=O)=O)NC(c1c[o]cc1)=O)=O,Miss
A001_B187,CNC([C@H](CNC(CC(C(N1)=O)NC1=O)=O)NC(CCC(NC1CCCCCC1)=O)=O)=O,Miss
A149_B124,CNC([C@H](CNC(c1nc(C(N)=O)ccc1)=O)NC(COc1cc(OC)c(CO)cc1)=O)=O,Miss
A131_B010,CNC([C@H](CNC(COc1cc(C(N)=O)ccc1)=O)NC(Cc(cccc1)c1OC(F)(F)F)=O)=O,Miss
A043_B047,CNC([C@H](CNC(COc(cc1)ccc1C(N)=O)=O)NC(Cc(cc1)cc2c1OCO2)=O)=O,Miss
A028_B169,CNC([C@H](CNC(c(cc1)cnc1C(N)=O)=O)NC(COc(cc1)ccc1Cl)=O)=O,Miss
A154_B185,CNC([C@H](CNC(c(cc1)cc(N=CN2)c1C2=O)=O)NC(CCc1ccc(-c2ccc[s]2)[o]1)=O)=O,Miss
A150_B287,CNC([C@H](CNC(c(cc1C(N2)=O)cnc1N(Cc1ccccc1)C2=O)=O)NC(c1cccc(Cl)c1)=O)=O,Miss
A114_B109,CC(N[C@@H](CNC(C(CC1)CCN1C(N)=O)=O)C(NC)=O)=O,Miss
A040_B034,CNC([C@H](CNC(c1ccc(C(N)=O)[s]1)=O)NC(Cc(cccc1)c1OC)=O)=O,Miss
A046_B119,CCOc1c(CC(N[C@@H](CNC(c(cc2)cc(N3)c2NCC3=O)=O)C(NC)=O)=O)cccc1,Miss
A099_B309,CNC([C@H](CNC(CN(C=CC(N1)=O)C1=O)=O)NC(C1=CN=C2SC=CN2C1=O)=O)=O,Miss
A139_B256,CC(CC1)CCN1c(ccc(C(N[C@@H](CNC(c1c(C)[o]c(N=CN2)c1C2=O)=O)C(NC)=O)=O)c1)c1[N+]([O-])=O,Miss
A044_B008,CC(C)(C)CC(N[C@@H](CNC(COCC(N1)=Nc(cccc2)c2C1=O)=O)C(NC)=O)=O,Miss
A037_B287,CNC([C@H](CNC(c1cc(N(CCCN2)C2=O)ccc1)=O)NC(c1cccc(Cl)c1)=O)=O,Miss
A079_B293,CNC([C@H](CNC(CN1Nc(cccc2)c2C1=O)=O)NC(c1nccnc1)=O)=O,Miss
A127_B216,CNC([C@H](CNC(CN(C=C(C(N)=O)C(N1)=O)C1=O)=O)NC(c1n[nH]c(C2CC2)c1)=O)=O,Miss
A132_B361,CNC([C@H](CNC(c1cc(C(NC(N2)=O)=O)c2nc1)=O)NC(CC(c1c2cccc1)=NNC2=O)=O)=O,Miss
A131_B027,Cc(cc1)ccc1S(NCC(N[C@@H](CNC(COc1cc(C(N)=O)ccc1)=O)C(NC)=O)=O)(=O)=O,Miss
A142_B190,CNC([C@H](CNC(c1cc(C(N)=O)c[o]1)=O)NC(CCc1nc(-c(cccc2)c2OC)n[o]1)=O)=O,Miss
A018_B005,CNC([C@H](CNC(c(cc1)ccc1S(N)(=O)=O)=O)NC(CC1CCCC1)=O)=O,Miss
A121_B202,CC(NC(N1CCOCC1)=N1)=C(CCC(NC[C@@H](C(NC)=O)NC(c(cc2)cc3c2[nH]cc3)=O)=O)C1=O,Miss
A007_B297,CNC([C@H](CNC(C(C(N1)=O)=CNC1=O)=O)NC(c1cc(-[n]2nccc2)ccc1)=O)=O,Miss
A077_B042,Cc(cc1)ccc1C(NCC(N[C@@H](CNC(C1=C(c2ccccc2)C(c2ccccc2)=NNC1=O)=O)C(NC)=O)=O)=O,Miss
A007_B182,Cc1cc(NC(C2C(N[C@@H](CNC(C(C(N3)=O)=CNC3=O)=O)C(NC)=O)=O)=O)c2cc1,Miss
A029_B057,CNC([C@H](CNC(c(cc1C(N)=O)n[n]1-c1ccccc1)=O)NC(Cc(cc1)cc(C(F)(F)F)c1F)=O)=O,Miss
A014_B213,CC(Nc1cc(C(NC[C@@H](C(NC)=O)NC(c2ncc(C)nc2)=O)=O)cc(NC(C)=O)c1)=O,Miss
A025_B360,CNC([C@H](CNC(C[n]1ncc(S(N)(=O)=O)c1)=O)NC(C(c1c2cccc1)=NNC2=O)=O)=O,Miss
A063_B100,CC(N1)=C(C)N=C(C(NC[C@@H](C(NC)=O)NC(Cc(cc2)ccc2S(C)(=O)=O)=O)=O)C1=O,Miss
A039_B186,CCC(c(c(O1)cc(C)c2)c2OCC(N[C@@H](CNC(Cc2c[s]c(N(CCCN3)C3=O)n2)=O)C(NC)=O)=O)=CC1=O,Miss
A121_B205,CC(NC(N1CCOCC1)=N1)=C(CCC(NC[C@@H](C(NC)=O)NC(Cc2c[nH]c(cc3)c2cc3Br)=O)=O)C1=O,Miss
A020_B325,CC(CC1=C(C(NC[C@@H](C(NC)=O)NC(C2CCCCC2)=O)=O)NNC1=O)O,Miss
A089_B054,CNC([C@H](CNC(CN(c(cccc1)c1N1)C1=O)=O)NC(COc(cccc1)c1OC)=O)=O,Miss
A011_B178,CNC([C@H](CNC(CCN(c(cccc1)c1C(N1)=O)C1=O)=O)NC(CCc1nc(-c2cnccc2)n[o]1)=O)=O,Miss
A052_B215,CCN(c(ccc(C(NC[C@@H](C(NC)=O)NC(CCNC(NC1(CC(C2)C3)CC3CC2C1)=O)=O)=O)c1)c1NC1=O)C1=O,Miss
A156_B170,Cc1c(C(NC[C@@H](C(NC)=O)NC(CC2C=CCC2)=O)=O)[s]c(N=C(COC)N2)c1C2=O,Miss
A038_B071,Cc1cc(C(NC[C@@H](C(NC)=O)NC(Cc(c(C(F)(F)F)ccc2)c2F)=O)=O)nc(NN2)c1C2=O,Miss
A030_B217,CC(C(CC(NC[C@@H](C(NC)=O)NC(Cc1c[o]c2c1ccc(OC)c2)=O)=O)=C(C)N1N2)=NC1=CC2=O,Miss
A076_B138,CCOc(ccc(CC(N[C@@H](CNC(C(NC(NC1=O)=O)=C1OC)=O)C(NC)=O)=O)c1)c1OC,Miss
A083_B019,Cc1c(C(NC[C@@H](C(NC)=O)NC(CCc2c(C)cc(C)cc2)=O)=O)[s]c(N=CN2)c1C2=O,Miss
A109_B205,CNC([C@H](CNC(c1cc(-c2ccc[o]2)nc2c(C(N)=O)nc[n]12)=O)NC(Cc1c[nH]c(cc2)c1cc2Br)=O)=O,Miss
A051_B077,CC(C1=C(N2)N(C)NC1=O)=C(CC(NC[C@@H](C(NC)=O)NC(CC(C1)c(cc(cc3)OC)c3C1=O)=O)=O)C2=O,Miss
A144_B173,CNC([C@H](CNC(c1cc(C(N)=O)c[n]1C)=O)NC(CCC#C)=O)=O,Miss
A038_B277,Cc(cc(C(NC[C@@H](C(NC)=O)NC(c1cccc2ccccc12)=O)=O)nc1NN2)c1C2=O,Miss
A009_B249,CC(c1c(C)[n](CC(N[C@@H](CNC(c2cc(N(CCN3)C3=O)c(C)cc2)=O)C(NC)=O)=O)nc1C)=O,Miss
A005_B094,CNC([C@H](CNC(CCC(C(N1)=O)NC1=O)=O)NC(Cc1cccc(OC(F)(F)F)c1)=O)=O,Miss
A088_B163,CNC([C@H](CNC(c(cc1)cc(C2)c1NC2=O)=O)NC(Cc(ccc(Cl)c1)c1Cl)=O)=O,Miss
A077_B321,Cc(cc1)ccc1C(N[C@@H](CNC(C1=C(c2ccccc2)C(c2ccccc2)=NNC1=O)=O)C(NC)=O)=O,Miss
A073_B145,Cc1cc(OC(C2=C3CCC2)=O)c3c(OCC(N[C@@H](CNC(c(cc2)ccc2C(NC2CC2)=O)=O)C(NC)=O)=O)c1,Miss
A040_B080,CNC([C@H](CNC(c1ccc(C(N)=O)[s]1)=O)NC(Cc(cc(cc1)Br)c1OC)=O)=O,Miss
A087_B026,CNC([C@H](CNC(C(CC1)CCN1S(c(cc1)ccc1C(N)=O)(=O)=O)=O)NC(CCc1ccccc1)=O)=O,Miss
A007_B025,Cc1cccc(CC(N[C@@H](CNC(C(C(N2)=O)=CNC2=O)=O)C(NC)=O)=O)c1,Miss
A140_B105,CNC([C@H](CNC(CC1N(CC(N2)=Nc(cccc3)c3C2=O)CCC1)=O)NC(Cc(cccc1)c1Oc1ccccc1)=O)=O,Miss
A090_B326,CC(C)C(C(N[C@@H](CNC(CN(C(C(C)(c1ccc(C)cc1)N1)=O)C1=O)=O)C(NC)=O)=O)O,Miss
A141_B054,CNC([C@H](CNC(CN1N=C(C(N)=O)c(cccc2)c2C1=O)=O)NC(COc(cccc1)c1OC)=O)=O,Miss
A134_B060,CC(C(NC[C@@H](C(NC)=O)NC(Cc(ccc(F)c1)c1Cl)=O)=O)SC(N1)=NC(C)=CC1=O,Miss
A104_B060,CNC([C@H](CNC(c1cc(C(N)=O)ccc1)=O)NC(Cc(ccc(F)c1)c1Cl)=O)=O,Miss
A032_B165,CNC([C@H](CNC(c1c(C(NC(N2C)=O)=O)c2nc(-c(cc2)cc3c2OCO3)c1)=O)NC(CCc(cc1)ccc1Cl)=O)=O,Miss
A125_B102,CNC([C@H](CNC(C(C(N1)=O)=CN(C)C1=O)=O)NC(Cc(cc1)cc(O)c1OC)=O)=O,Miss
A074_B353,CNC([C@H](CNC(COc(cccc1)c1C(N)=O)=O)NC(c(cc1)cc(NC(CN2)=O)c1C2=O)=O)=O,Miss
A135_B175,CC(C)C(C(NC[C@@H](C(NC)=O)NC(CCN(C=Nc1c2cccc1)C2=O)=O)=O)N(CCCN1)C1=O,Miss
A155_B008,CC(C)(C)CC(N[C@@H](CNC(C(C=C1)=NNC1=O)=O)C(NC)=O)=O,Miss
A070_B305,CCC1N(C(c2cc(-c3ccc(C)[o]3)n[nH]2)=O)c(ccc(C(NC[C@@H](C(NC)=O)N)=O)c2)c2NC1=O,Miss
A057_B006,CC(N=C(N1)N(CC2)CCC2C(NC[C@@H](C(NC)=O)NC(CCC2CCCC2)=O)=O)=CC1=O,Miss
A077_B225,CNC([C@H](CNC(C1=C(c2ccccc2)C(c2ccccc2)=NNC1=O)=O)NC(C(CC1)CCN1C(c(cc1)ccc1F)=O)=O)=O,Miss
A074_B190,CNC([C@H](CNC(COc(cccc1)c1C(N)=O)=O)NC(CCc1nc(-c(cccc2)c2OC)n[o]1)=O)=O,Miss
A024_B031,Cc(cc1)ccc1SCC(N[C@@H](CNC(c1cc(N(C(C=C2)=O)NC2=O)ccc1)=O)C(NC)=O)=O,Miss
A025_B019,Cc1cc(C)c(CCC(N[C@@H](CNC(C[n]2ncc(S(N)(=O)=O)c2)=O)C(NC)=O)=O)cc1,Miss
A097_B326,CC(C)C(C(N[C@@H](CNC(c(cc1C(N2)=O)cnc1N(C)C2=O)=O)C(NC)=O)=O)O,Miss
A065_B039,Cc(cccc1)c1OCC(N[C@@H](CNC(CCC(N1)=Nc([s]c2c3CCC2)c3C1=O)=O)C(NC)=O)=O,Miss
A079_B363,CNC([C@H](CNC(CN1Nc(cccc2)c2C1=O)=O)NC(c(cc1)ccc1C#N)=O)=O,Miss
A087_B344,Cc1c(C(NN2C)=O)c2nc(C)c1CC(N[C@@H](CNC(C(CC1)CCN1S(c(cc1)ccc1C(N)=O)(=O)=O)=O)C(NC)=O)=O,Miss
A015_B238,CC(C)(C(CC1)C2)C1(C(N[C@@H](CNC(c(cc1)cc(NC3=O)c1NC3=O)=O)C(NC)=O)=O)C2=O,Miss
A064_B278,Cc([s]c(C(NC[C@@H](C(NC)=O)NC(c(cc1)ccc1Oc1ccccc1)=O)=O)c1)c1S(N)(=O)=O,Miss
A064_B122,Cc1c(CC(N[C@@H](CNC(c2cc(S(N)(=O)=O)c(C)[s]2)=O)C(NC)=O)=O)c(cccc2)c2[nH]1,Miss
A107_B235,Cc(cc1)ccc1N(CC(N[C@@H](CNC(C(C1)c(cccc2)c2NC1=O)=O)C(NC)=O)=O)S(C)(=O)=O,Miss
A157_B152,CCC(CC1)Cc2c1c(C(NC(c(cc1)ccc1C(NC[C@@H](C(NC)=O)NC(CCC(c(cc1)ccc1OC)=O)=O)=O)=N1)=O)c1[s]2,Miss
A120_B019,Cc1cc(C)c(CCC(N[C@@H](CNC(c2c(C(NC(N3C)=O)=O)c3nc(C3CC3)c2)=O)C(NC)=O)=O)cc1,Miss
A101_B101,CNC([C@H](CNC(c(cc1)cc(C(NN2)=O)c1C2=O)=O)NC(Cc1c[nH]cn1)=O)=O,Miss
A002_B203,CC(C(N1)=O)=CN(CC(NC[C@@H](C(NC)=O)NC(c2cc([nH]cc3)c3cc2)=O)=O)C1=O,Miss
A041_B288,Cc1cc(C(N[C@@H](CNC(C(CC2)CCN2c(cc2)ncc2C(N)=O)=O)C(NC)=O)=O)cc(C)c1,Miss
A125_B287,CNC([C@H](CNC(C(C(N1)=O)=CN(C)C1=O)=O)NC(c1cccc(Cl)c1)=O)=O,Miss
A019_B188,CNC([C@H](CNC(C(C1=N2)=CNN1c(cccc1)c1C2=O)=O)NC(CCC(N(C)C1CCCCC1)=O)=O)=O,Miss
A066_B009,CC(CC(C)(C)C)CC(N[C@@H](CNC(C(N1)=CNC1=O)=O)C(NC)=O)=O,Miss
A045_B041,Cc1cccc(C(NCC(N[C@@H](CNC(c2cc(COc(cccc3)c3C(N)=O)ccc2)=O)C(NC)=O)=O)=O)c1,Miss
A035_B313,Cc1n[o]c(C)c1C(N[C@@H](CNC(C1=CC(CCCCC2)=C2NC1=O)=O)C(NC)=O)=O,Miss
A107_B139,CNC([C@H](CNC(C(C1)c(cccc2)c2NC1=O)=O)NC(CCc1ncc(-c2ccccc2)[o]1)=O)=O,Miss
A097_B150,CNC([C@H](CNC(c(cc1C(N2)=O)cnc1N(C)C2=O)=O)NC(CCC(c1ccc[s]1)=O)=O)=O,Miss
A120_B218,Cc1c(C(N[C@@H](CNC(c2c(C(NC(N3C)=O)=O)c3nc(C3CC3)c2)=O)C(NC)=O)=O)[o]c2c1ccc(C)c2,Miss
A019_B197,Cc1ccc(cc(cc2)C(N[C@@H](CNC(C(C3=N4)=CNN3c(cccc3)c3C4=O)=O)C(NC)=O)=O)c2n1,Miss
A067_B275,CNC([C@H](CNC(c1cc(S(N)(=O)=O)ccc1)=O)NC(c(cc1)ncc1Br)=O)=O,Miss
A085_B215,CNC([C@H](CNC(C(N1)=Cc(cccc2)c2C1=O)=O)NC(CCNC(NC1(CC(C2)C3)CC3CC2C1)=O)=O)=O,Miss
A103_B329,CNC([C@H](CNC(CN(C(c(cccc1)c1N1)=O)C1=O)=O)NC(CCN1CCCCC1)=O)=O,Miss
A071_B245,CC(C)CN(CC(C1)C(N[C@@H](CNC(C2=CC(C(CC(C)(C)C3)=O)=C3NC2=O)=O)C(NC)=O)=O)C1=O,Miss
A154_B028,CNC([C@H](CNC(c(cc1)cc(N=CN2)c1C2=O)=O)NC(CC=Cc1ccccc1)=O)=O,Miss
A149_B296,CCC(c(c(O1)c2)cc(Cl)c2OCC(N[C@@H](CNC(c2nc(C(N)=O)ccc2)=O)C(NC)=O)=O)=CC1=O,Miss
A119_B067,CCN(c1nc(C(C)C)cc(C(NC[C@@H](C(NC)=O)NC(COc2ccccc2)=O)=O)c1C(N1)=O)C1=O,Miss
A052_B118,CCN(c(ccc(C(NC[C@@H](C(NC)=O)NC(Cc1cc(OC)ccc1)=O)=O)c1)c1NC1=O)C1=O,Miss
A037_B122,Cc1c(CC(N[C@@H](CNC(c2cccc(N(CCCN3)C3=O)c2)=O)C(NC)=O)=O)c(cccc2)c2[nH]1,Miss
A005_B155,CNC([C@H](CNC(CCC(C(N1)=O)NC1=O)=O)NC(CCc(cc1)ccc1F)=O)=O,Miss
A001_B240,CNC([C@H](CNC(CC(C(N1)=O)NC1=O)=O)NC(C(C1)C(c2cnccc2)N(C)C1=O)=O)=O,Miss
A122_B011,CC(CC(N[C@@H](CNS(c1c[n](C)c(C(N)=O)c1)(=O)=O)C(NC)=O)=O)C=C,Miss
A072_B195,CNC([C@H](CNC(c(cc1)ccc1C(Nc1ccccc1)=O)=O)NC(c1nc2ccccc2cc1)=O)=O,Miss
A082_B151,CNC([C@H](CNC(CCC1=Nc(cccc2)c2NC1=O)=O)NC(CCC(c(cc1)cc(F)c1OC)=O)=O)=O,Miss
A093_B048,CNC([C@H](CNC(C1=Cc(cccc2)c2NC1=O)=O)NC(Cc(cc1)cc(OC)c1O)=O)=O,Miss
A050_B086,CNC([C@H](CNC(c(cc1)cc(N2)c1N(C)CC2=O)=O)NC(Cc(cc1)cnc1Cl)=O)=O,Miss
A026_B044,CC(CC(N[C@@H](CNC(CCc1nc(N(C)C(NC2=O)=O)c2[nH]1)=O)C(NC)=O)=O)(C(F)(F)F)O,Miss
A076_B279,CNC([C@H](CNC(C(NC(NC1=O)=O)=C1OC)=O)NC(c(cc1)cc(O2)c1OC2(F)F)=O)=O,Miss
A047_B314,CNC([C@H](CNC(c(cc1)ccc1Oc(cc1)ccc1C(N)=O)=O)NC(c1ccc(Oc2cnccc2)[o]1)=O)=O,Miss
A088_B222,CCC(CC1)CCC1C(N[C@@H](CNC(c(cc1)cc(C2)c1NC2=O)=O)C(NC)=O)=O,Miss
A152_B293,CNC([C@H](CNC(C(c1c2cccc1)=NNC2=O)=O)NC(c1nccnc1)=O)=O,Miss
A134_B248,CC(C(NC[C@@H](C(NC)=O)NC(C(C1)COc2c1cccc2OC)=O)=O)SC(N1)=NC(C)=CC1=O,Miss
A029_B088,CNC([C@H](CNC(c(cc1C(N)=O)n[n]1-c1ccccc1)=O)NC(Cc1cccc(C(F)(F)F)c1)=O)=O,Miss
A088_B352,CNC([C@H](CNC(c(cc1)cc(C2)c1NC2=O)=O)NC(C(CC1)c(cccc2)c2C1=O)=O)=O,Miss
A038_B326,CC(C)C(C(N[C@@H](CNC(c(nc1NN2)cc(C)c1C2=O)=O)C(NC)=O)=O)O,Miss
A109_B080,CNC([C@H](CNC(c1cc(-c2ccc[o]2)nc2c(C(N)=O)nc[n]12)=O)NC(Cc(cc(cc1)Br)c1OC)=O)=O,Miss
A129_B300,CNC([C@H](CNC(CN(CCCN1)C1=O)=O)NC(c1ccc[s]1)=O)=O,Miss
A101_B025,Cc1cccc(CC(N[C@@H](CNC(c(cc2)cc(C(NN3)=O)c2C3=O)=O)C(NC)=O)=O)c1,Miss
A038_B008,CC(C)(C)CC(N[C@@H](CNC(c(nc1NN2)cc(C)c1C2=O)=O)C(NC)=O)=O,Miss
A072_B093,CNC([C@H](CNC(c(cc1)ccc1C(Nc1ccccc1)=O)=O)NC(COc(ccc(Cl)c1)c1Cl)=O)=O,Miss
A157_B201,CCC(CC1)Cc2c1c(C(NC(c(cc1)ccc1C(NC[C@@H](C(NC)=O)NC(c1cc(cc(cc3)F)c3[nH]1)=O)=O)=N1)=O)c1[s]2,Miss
A117_B128,CNC([C@H](CNC(c1ccc(C(NC(N2C)=O)=O)c2n1)=O)NC(CCc(cc1)cc2c1OCO2)=O)=O,Miss
A063_B015,CC(N1)=C(C)N=C(C(NC[C@@H](C(NC)=O)NC(CCC=C)=O)=O)C1=O,Miss
A138_B276,CC(C)Oc(cc1)ccc1C(N[C@@H](CNC(C[n]1c(cccc2)c2c(C(N)=O)c1)=O)C(NC)=O)=O,Miss
A139_B360,Cc1c(C(NC[C@@H](C(NC)=O)NC(C(c2c3cccc2)=NNC3=O)=O)=O)c(C(NC=N2)=O)c2[o]1,Miss
A037_B018,CC(C)c1ccc(CCC(N[C@@H](CNC(c2cccc(N(CCCN3)C3=O)c2)=O)C(NC)=O)=O)cc1,Miss
A148_B168,Cc(cc(cc1)Cl)c1OCC(N[C@@H](CNC(C1OCCN(CC(N2)=Nc(cccc3)c3C2=O)C1)=O)C(NC)=O)=O,Miss
A127_B351,CNC([C@H](CNC(CN(C=C(C(N)=O)C(N1)=O)C1=O)=O)NC(CCC(c(cc1)ccc1-c1ccccc1)=O)=O)=O,Miss
A106_B013,CCN(C(c(ccc(C(NC[C@@H](C(NC)=O)NC(CCC(C)=O)=O)=O)c1)c1N1)=O)C1=O,Miss
A049_B248,CNC([C@H](CNC(c(cc(-c1ccccc1)nc1NN2)c1C2=O)=O)NC(C(C1)COc2c1cccc2OC)=O)=O,Miss
A126_B297,CC(C1=C(N2)N(C)NC1=O)=C(CCC(NC[C@@H](C(NC)=O)NC(c1cc(-[n]3nccc3)ccc1)=O)=O)C2=O,Miss
A090_B259,CC(C(N1CC(NC[C@@H](C(NC)=O)NC(CCCc2nc(-c3ccncc3)n[o]2)=O)=O)=O)(c2ccc(C)cc2)NC1=O,Miss
A005_B207,CNC([C@H](CNC(CCC(C(N1)=O)NC1=O)=O)NC(c1cc(cccc2)c2[nH]1)=O)=O,Miss
A135_B198,CC(C)C(C(NC[C@@H](C(NC)=O)NC(C1C(CC2)CC2C1)=O)=O)N(CCCN1)C1=O,Miss
A158_B320,CC1(CC1)C(N[C@@H](CNC(C1=C[n]2nc(C)cc2NC1=O)=O)C(NC)=O)=O,Miss
A119_B261,CCN(c1nc(C(C)C)cc(C(NC[C@@H](C(NC)=O)NC(c2cc(NC(C3CCCC3)=O)ccc2)=O)=O)c1C(N1)=O)C1=O,Miss
A022_B018,CC(C)c1ccc(CCC(N[C@@H](CNC(c(cc2)cc(C)c2N(CCN2)C2=O)=O)C(NC)=O)=O)cc1,Miss
A001_B237,CC(CO)(CO)C(N[C@@H](CNC(CC(C(N1)=O)NC1=O)=O)C(NC)=O)=O,Miss
A018_B045,CNC([C@H](CNC(c(cc1)ccc1S(N)(=O)=O)=O)NC(CCNC(c1ccccc1)=O)=O)=O,Miss
A031_B309,CNC([C@H](CNC(c(cc1)cc(N2)c1N(C1CCCC1)C2=O)=O)NC(C1=CN=C2SC=CN2C1=O)=O)=O,Miss
A040_B200,CNC([C@H](CNC(c1ccc(C(N)=O)[s]1)=O)NC(c1nccc2ccccc12)=O)=O,Miss
A109_B039,Cc(cccc1)c1OCC(N[C@@H](CNC(c1cc(-c2ccc[o]2)nc2c(C(N)=O)nc[n]12)=O)C(NC)=O)=O,Miss
A091_B053,CNC([C@H](CNC(Cc([s]1)ccc1S(N)(=O)=O)=O)NC(CCc(cc1)cc(Cl)c1OC)=O)=O,Miss
A072_B176,Cc1nc(cccc2)c2[n]1CCC(N[C@@H](CNC(c(cc1)ccc1C(Nc1ccccc1)=O)=O)C(NC)=O)=O,Miss
A131_B282,CNC([C@H](CNC(COc1cc(C(N)=O)ccc1)=O)NC(c1cc(OC)cc(OC)c1)=O)=O,Miss
A012_B319,Cc(ccc(C(NC[C@@H](C(NC)=O)NC(C1(CCC1)c1ccccc1)=O)=O)c1)c1NC(C1OCCC1)=O,Miss
A106_B107,CCN(C(c(ccc(C(NC[C@@H](C(NC)=O)NC(Cc(cccc1)c1F)=O)=O)c1)c1N1)=O)C1=O,Miss
A147_B050,CNC([C@H](CNC(c1c[o]c(C(N)=O)c1)=O)NC(Cc(cccc1OC)c1OC)=O)=O,Miss
A101_B269,Cc1cccnc1C(N[C@@H](CNC(c(cc1)cc(C(NN2)=O)c1C2=O)=O)C(NC)=O)=O,Miss
A085_B035,CNC([C@H](CNC(C(N1)=Cc(cccc2)c2C1=O)=O)NC(CCc(cc(cc1)OC)c1OC)=O)=O,Miss
A106_B336,CCN(C(c(ccc(C(NC[C@@H](C(NC)=O)NC(CN(C=C1)c(cccc2)c2C1=O)=O)=O)c1)c1N1)=O)C1=O,Miss
A042_B343,Cc1c(CCC(NC[C@@H](C(NC)=O)NC(CCc2nc(-c3ccccc3)c(-c3ccccc3)[o]2)=O)=O)c(C)nc2c(C(N)=O)nc[n]12,Miss
A093_B065,CC(C(CCCCCC(N[C@@H](CNC(C1=Cc(cccc2)c2NC1=O)=O)C(NC)=O)=O)N1)NC1=O,Miss
A027_B077,CC(N=C(N1)N2CCCC2)=C(CC(NC[C@@H](C(NC)=O)NC(CC(C2)c(cc(cc3)OC)c3C2=O)=O)=O)C1=O,Miss
A068_B023,Cc1c(CC(N[C@@H](CNC(CCOc(cc2)ccc2C(N)=O)=O)C(NC)=O)=O)cccc1,Miss
A004_B268,Cc1c(C(N[C@@H](CNC(CC2Oc(cccc3)c3NC2=O)=O)C(NC)=O)=O)[s]c(C)n1,Miss
A110_B354,CNC([C@H](CNC(C(CC1)CCN1S(c1c[n](C)c(C(N)=O)c1)(=O)=O)=O)NC(c(cc1)cc(CCC2)c1C2=O)=O)=O,Miss
A080_B043,CC(c(cc1)ccc1OCC(N[C@@H](CNC(CC1Sc(ccc(C(F)(F)F)c2)c2NC1=O)=O)C(NC)=O)=O)=O,Miss
A086_B104,CNC([C@H](CNC(COc1ccc(CC(N)=O)cc1)=O)NC(CC1c(cccc2)c2-c2c1cccc2)=O)=O,Miss
A096_B254,CNC([C@H](CNC(CN(C(c1c2cccc1)=O)NC2=O)=O)NC(c(cc1)ccc1C(c(cc(cc1)OC)c1OC)=O)=O)=O,Miss
A144_B236,CNC([C@H](CNC(c1cc(C(N)=O)c[n]1C)=O)NC(C(C1)C1c1ccccc1)=O)=O,Miss
A008_B084,CC1=C(CC(N[C@@H](CNC(C2CN(CC(N)=O)CCC2)=O)C(NC)=O)=O)c(cc(cc2)F)c2C1=Cc(cc1)ccc1S(C)=O,Miss
A037_B110,CNC([C@H](CNC(c1cccc(N(CCCN2)C2=O)c1)=O)NC(CCNC(N)=O)=O)=O,Miss
A011_B023,Cc1c(CC(N[C@@H](CNC(CCN(c(cccc2)c2C(N2)=O)C2=O)=O)C(NC)=O)=O)cccc1,Miss
A141_B059,CNC([C@H](CNC(CN1N=C(C(N)=O)c(cccc2)c2C1=O)=O)NC(Cc(c(F)ccc1)c1Cl)=O)=O,Miss
A051_B147,CC(C1=C(N2)N(C)NC1=O)=C(CC(NC[C@@H](C(NC)=O)NC(COc1cc3ccccc3cc1)=O)=O)C2=O,Miss
A097_B160,CNC([C@H](CNC(c(cc1C(N2)=O)cnc1N(C)C2=O)=O)NC(CCC(c(cc1)ccc1F)=O)=O)=O,Miss
A057_B144,CC(N=C(N1)N(CC2)CCC2C(NC[C@@H](C(NC)=O)NC(Cc(cc2)ccc2OCc2ccccc2)=O)=O)=CC1=O,Miss
A071_B313,CC(C)(C1)CC(NC(C(C(NC[C@@H](C(NC)=O)NC(c2c(C)[o]nc2C)=O)=O)=C2)=O)=C2C1=O,Miss
A015_B036,CNC([C@H](CNC(c(cc1)cc(NC2=O)c1NC2=O)=O)NC(CCc(ccc(OC)c1)c1OC)=O)=O,Miss
A008_B319,CNC([C@H](CNC(C1CN(CC(N)=O)CCC1)=O)NC(C1(CCC1)c1ccccc1)=O)=O,Miss
A119_B195,CCN(c1nc(C(C)C)cc(C(NC[C@@H](C(NC)=O)NC(c2nc3ccccc3cc2)=O)=O)c1C(N1)=O)C1=O,Miss
A019_B245,CC(C)CN(CC(C1)C(N[C@@H](CNC(C(C2=N3)=CNN2c(cccc2)c2C3=O)=O)C(NC)=O)=O)C1=O,Miss
A154_B215,CNC([C@H](CNC(c(cc1)cc(N=CN2)c1C2=O)=O)NC(CCNC(NC1(CC(C2)C3)CC3CC2C1)=O)=O)=O,Miss
A063_B307,CC(N1)=C(C)N=C(C(NC[C@@H](C(NC)=O)NC(C(C2C(N(Cc3ncccc3)C3)=O)C4OC23C=C4)=O)=O)C1=O,Miss
A083_B138,CCOc(ccc(CC(N[C@@H](CNC(c1c(C)c(C(NC=N2)=O)c2[s]1)=O)C(NC)=O)=O)c1)c1OC,Miss
A048_B113,Cc1c(CC(N[C@@H](CNC(c(cc2)ncc2C(N)=O)=O)C(NC)=O)=O)nc(-c2ccccc2)[o]1,Miss
A116_B279,CC(C)CN(c1nc(C2CC2)cc(C(NC[C@@H](C(NC)=O)NC(c(cc2)cc(O3)c2OC3(F)F)=O)=O)c1C(N1)=O)C1=O,Miss
A091_B056,CNC([C@H](CNC(Cc([s]1)ccc1S(N)(=O)=O)=O)NC(CCCC1CCCCC1)=O)=O,Miss
A118_B290,CNC([C@H](CNC(c1c(C(NC(N2C)=O)=O)c2nc(-c2ccccc2)c1)=O)NC(c(ccc1c2)cc1ccc2OC)=O)=O,Miss
A050_B010,CNC([C@H](CNC(c(cc1)cc(N2)c1N(C)CC2=O)=O)NC(Cc(cccc1)c1OC(F)(F)F)=O)=O,Miss
A103_B018,CC(C)c1ccc(CCC(N[C@@H](CNC(CN(C(c(cccc2)c2N2)=O)C2=O)=O)C(NC)=O)=O)cc1,Miss
A076_B243,CNC([C@H](CNC(C(NC(NC1=O)=O)=C1OC)=O)NC(c1cc(cc(cc2)Br)c2[nH]1)=O)=O,Miss
A006_B144,CNC([C@H](CNC(CCN(C=CC(N1)=O)C1=O)=O)NC(Cc(cc1)ccc1OCc1ccccc1)=O)=O,Miss
A070_B338,CCC1N(C(c(cc(CC(N2)=O)c2c2)c2Cl)=O)c(ccc(C(NC[C@@H](C(NC)=O)N)=O)c2)c2NC1=O,Miss
A015_B295,CNC([C@H](CNC(c(cc1)cc(NC2=O)c1NC2=O)=O)NC(c1ncc[nH]1)=O)=O,Miss
A130_B206,CNC([C@H](CNC(c1c(C(NN2C)=O)c2nc(C2CC2)c1)=O)NC(c1cc(cccc2)c2[nH]1)=O)=O,Miss
A128_B222,CCC(CC1)CCC1C(N[C@@H](CNC(c([o]1)ccc1S(N)(=O)=O)=O)C(NC)=O)=O,Miss
A099_B047,CNC([C@H](CNC(CN(C=CC(N1)=O)C1=O)=O)NC(Cc(cc1)cc2c1OCO2)=O)=O,Miss
A027_B299,Cc1n[nH]c(C(N[C@@H](CNC(CC(C(N2)=O)=C(C)N=C2N2CCCC2)=O)C(NC)=O)=O)c1,Miss
A041_B355,CNC([C@H](CNC(C(CC1)CCN1c(cc1)ncc1C(N)=O)=O)NC(CN(c(ccc(S(N)(=O)=O)c1)c1O1)C1=O)=O)=O,Miss
A026_B010,CNC([C@H](CNC(CCc1nc(N(C)C(NC2=O)=O)c2[nH]1)=O)NC(Cc(cccc1)c1OC(F)(F)F)=O)=O,Miss
A114_B018,CC(C)c1ccc(CCC(N[C@@H](CNC(C(CC2)CCN2C(N)=O)=O)C(NC)=O)=O)cc1,Miss
A103_B048,CNC([C@H](CNC(CN(C(c(cccc1)c1N1)=O)C1=O)=O)NC(Cc(cc1)cc(OC)c1O)=O)=O,Miss
A047_B112,CNC([C@H](CNC(c(cc1)ccc1Oc(cc1)ccc1C(N)=O)=O)NC(Cc1c[s]c2c1cccc2)=O)=O,Miss
A119_B294,CCN(c1nc(C(C)C)cc(C(NC[C@@H](C(NC)=O)NC(c2cncnc2)=O)=O)c1C(N1)=O)C1=O,Miss
A009_B243,Cc(ccc(C(NC[C@@H](C(NC)=O)NC(c1cc(cc(cc2)Br)c2[nH]1)=O)=O)c1)c1N(CCN1)C1=O,Miss
A035_B209,CNC([C@H](CNC(C1=CC(CCCCC2)=C2NC1=O)=O)NC(c1n[nH]c2c1cccc2)=O)=O,Miss
A136_B025,Cc1cccc(CC(N[C@@H](CNC(c(cc2)ccc2N(CCN2)C2=O)=O)C(NC)=O)=O)c1,Miss
A027_B243,CC(N=C(N1)N2CCCC2)=C(CC(NC[C@@H](C(NC)=O)NC(c2cc(cc(cc3)Br)c3[nH]2)=O)=O)C1=O,Miss
A014_B301,CC[n]1nc(C)cc1C(N[C@@H](CNC(c1cc(NC(C)=O)cc(NC(C)=O)c1)=O)C(NC)=O)=O,Miss
A080_B258,CNC([C@H](CNC(CC1Sc(ccc(C(F)(F)F)c2)c2NC1=O)=O)NC(C(CC1)CCN1C(c(cc1)ccc1[N+]([O-])=O)=O)=O)=O,Miss
A100_B293,CNC([C@H](CNC(C(CCC1)N1C(Nc1ccccc1)=O)=O)NC(c1nccnc1)=O)=O,Miss
A102_B023,Cc1c(CC(N[C@@H](CNS(c(cc2)cc(NC3=O)c2NC3=O)(=O)=O)C(NC)=O)=O)cccc1,Miss
A004_B347,CNC([C@H](CNC(CC1Oc(cccc2)c2NC1=O)=O)NC(CNS(c(cc1)cc(C2)c1NC2=O)(=O)=O)=O)=O,Miss
A121_B346,CC(NC(N1CCOCC1)=N1)=C(CCC(NC[C@@H](C(NC)=O)NC(c2cc(CN(C(CN3)=O)C3=O)ccc2)=O)=O)C1=O,Miss
A070_B134,CCC1N(C(CCc(cccc2)c2OC)=O)c(ccc(C(NC[C@@H](C(NC)=O)N)=O)c2)c2NC1=O,Miss
A091_B356,CNC([C@H](CNC(Cc([s]1)ccc1S(N)(=O)=O)=O)NC(C(C1)c(cccc2)c2C1=O)=O)=O,Miss
A079_B029,CNC([C@H](CNC(CN1Nc(cccc2)c2C1=O)=O)NC(CCOc1ccccc1)=O)=O,Miss
A113_B106,CNC([C@H](CNC(C1=CC(C(CCC2)=O)=C2NC1=O)=O)NC(COc1cccc(Cl)c1Cl)=O)=O,Miss
A121_B336,CC(NC(N1CCOCC1)=N1)=C(CCC(NC[C@@H](C(NC)=O)NC(CN(C=C2)c(cccc3)c3C2=O)=O)=O)C1=O,Miss
